"PrimarySmtpAddress","Count"
"10_takiptekihizmetler@acibadem.com","228"
"12_takiptekihizmetler@acibadem.com","127"
"14_takiptekihizmetler@acibadem.com","190"
"20_takiptekihizmetler@acibadem.com","293"
"22_takiptekihizmetler@acibadem.com","392"
"23_takiptekihizmetler@acibadem.com","146"
"24_takiptekihizmetler@acibadem.com","142"
"28_takiptekihizmetler@acibadem.com","159"
"30_takiptekihizmetler@acibadem.com","174"
"31_takiptekihizmetler@acibadem.com","104"
"34_takiptekihizmetler@acibadem.com","692"
"35_takiptekihizmetler@acibadem.com","125"
"45_takiptekihizmetler@acibadem.com","259"
"59_takiptekihizmetler@acibadem.com","144"
"60_takiptekihizmetler@acibadem.com","152"
"64_takiptekihizmetler@acibadem.com","35"
"71_takiptekihizmetler@acibadem.com","236"
"72_takiptekihizmetler@acibadem.com","78"
"8.donemdisgelisim@acibadem.com","1"
"87_takiptekihizmetler@acibadem.com","98"
"9.donemdisgelisim@acibadem.com","1"
"90_takiptekihizmetler@acibadem.com","309"
"94_takiptekihizmetler@acibadem.com","124"
"acb1katekipliderleri@acibadem.com","2"
"acbameliyatlistesi@acibadem.com","78"
"acbayaktanfiyatverme@acibadem.com","259"
"acbbakimdestekpersonel@acibadem.com","9"
"acbbashekimlik@acibadem.com","2707"
"acbbirimsorumlulari@acibadem.com","80"
"acbbiyomedikal@acibadem.com","837"
"acbbt@acibadem.com","2073"
"acbdestekhizmetleri@acibadem.com","56"
"acbfaturakontrol@acibadem.com","705"
"acbgeceekibi@acibadem.com","43"
"acbguvenlik@acibadem.com","1"
"acbhdameliyathanehem@acibadem.com","4"
"acbhdkoroner@acibadem.com","38"
"acbhdshiftsor@acibadem.com","241"
"acbHemlist@acibadem.com.tr","9"
"acbhhmdanisma@acibadem.com","3"
"acbhhmekipliderleri@acibadem.com","2614"
"acbhhmlist@acibadem.com.tr","33"
"acbhhmsorumlular@acibadem.com","965"
"acbhhmyonetim@acibadem.com","5212"
"acbiskazasi@acibadem.com","31"
"acbistencikis@acibadem.com","30"
"acbizinbilgilendirme@acibadem.com","3854"
"acbkatvetemizlikhizmetleri@acibadem.com","1"
"acbldanadepo@acibadem.com","4728"
"acbmobcrmproje@acibadem.com","54"
"acbmobilfaks@acibadem.com","54"
"acbmobilfaksalarm@acibadem.com","54"
"acbmobilfaturaitiraz@acibadem.com","54"
"acbmobilofis@acibadem.com","3"
"acbmobilsahasatisveoperasyontakibi@acibadem.com","63"
"acbmodisguvenligikurulu@acibadem.com","54"
"acbnobetciisletme@acibadem.com","1459"
"acbolaybildirim@acibadem.com","186"
"acbonkoloji@acibadem.com","16"
"acbops2@acibadem.com","305"
"acbozelhastalar@acibadem.com","75"
"acbperlist@acibadem.com.tr","43"
"acbsacekimi@acibadem.com","74"
"acbsantral@acibadem.com","35"
"acbtdagizvedissagligi@acibadem.com","2"
"acbtdderihastaliklari@acibadem.com","2"
"acbtddiyet@acibadem.com","2"
"acbtddoktorlar@acibadem.com","63"
"acbtdfiziktedavi@acibadem.com","1"
"acbtdgastroenteroloji@acibadem.com","1"
"acbtdnobetcidoktorlar@acibadem.com","3"
"acbtdyogunbakim@acibadem.com","1"
"acbtemizlik@acibadem.com","45"
"acbtesto@acibadem.com","649"
"acbubs@acibadem.com","258"
"acbuhm@acibadem.com","2714"
"acbyabancihasta@acibadem.com","154"
"acbyatanfiyatverme@acibadem.com","290"
"acbyatanhastaborc@acibadem.com","83"
"acbyiyicekicicek@acibadem.com","1"
"acibadem.maliisler@acibadem.com","7"
"acibadembodrum@acibadem.com","3"
"acibademcityclinicdailyrevenue@acibadem.com","88"
"Acibademcomtr@acibadem.com","13"
"acibademhealthpoint@acibadem.com","2139"
"acibademmobilbireyselsatisyonetimiraporlama@acibadem.com","54"
"acibademmobilevdesaglikvebakimhizmetlerisatismudurlugu@acibademmobil.com.tr","826"
"acibademmobilevdesaglikvebakimhizmetlerisatismudurlugu2@acibadem.com","54"
"acibademmobilkurumsalsatis@acibademmobil.com.tr","1116"
"acibademmobilsagliksatisdirektorlugu@acibademmobil.com.tr","54"
"acibadempolikliniklerguvenlik@acibadem.com","105"
"acibademsigorta@acibademmobil.com.tr","54"
"acibademsistemyonetimi@acibadem.com","60696"
"acibademsistinadailyrevenue@acibadem.com","83"
"acilservishhyoenetim@acibadem.com","386"
"actcrm@acibademtechnology.com","2"
"aculdanadepo@acibadem.com","355"
"acutransitiontoclerkship@acibadem.com","9"
"adaacilservis@acibadem.com","9"
"adaameliyatlistesi@acibadem.com","86"
"adaayaktanfiyatverme@acibadem.com","619"
"adabashekimlik@acibadem.com","17"
"adabiyomedikal@acibadem.com","397"
"adabt@acibadem.com","1441"
"adadestekhizmetleri@acibadem.com","3"
"adadestekhizmetleri2@acibadem.com","10"
"Adadoklist@acibadem.com","102"
"adaeczane@acibadem.com","4564"
"adaevdebakim@acibadem.com","13"
"adafaturakontrol@acibadem.com","1871"
"adahdbdp@acibadem.com","3"
"adahdekipliderleri@acibadem.com","85"
"adahdklinikegitim@acibadem.com","73"
"adahdpoliklinik@acibadem.com","7"
"adahdsorumluhemsireler@acibadem.com","336"
"AdaHemlist@acibadem.com","65"
"adahhmekipliderleri@acibadem.com","1320"
"adahhmhastadanisman@acibadem.com","7879"
"adahhmhastakabul@acibadem.com","391"
"adahhmhastayatiscikis@acibadem.com","9583"
"Adahhmlist@acibadem.com","127"
"adahhmsantral@acibadem.com","9189"
"adahhmsorumlular@acibadem.com","19"
"adahhmyatanhasta@acibadem.com","81"
"adahhmyonetim@acibadem.com","7713"
"adakemoterapitakip@acibadem.com","48"
"adakliniktibbionkoloji@acibadem.com","8"
"adaldanadepo@acibadem.com","3651"
"adamuhasebe@acibadem.com","726"
"adanainfo@acibadem.com","408"
"adanicu@acibadem.com","5"
"adanobetciisletme@acibadem.com","362"
"adanobetteslim@acibadem.com","163"
"adaolaybildirim@acibadem.com","193"
"adaops@acibadem.com","329"
"adapazarlama@acibadem.com","3"
"adapediatrikkit-1@acibadem.com","5"
"Adaperlist@acibadem.com","153"
"adaprovizyon@acibadem.com","636"
"adaptifimmunoterapikurulu@acibadem.com","7"
"adasantral@acibadem.com","20"
"adatabhastgrup@acibadem.com","9001"
"adateknik@acibadem.com","748"
"adatemizlik@acibadem.com","16"
"adatumorkonseyi@acibadem.com","34"
"adaubs@acibadem.com","218"
"adauhm@acibadem.com","273"
"adaulasim@acibadem.com","1025"
"adayatanfiyatverme@acibadem.com","811"
"adayatanhastaborc@acibadem.com","82"
"adbildirimi@acibadem.com","638"
"adud2@acibadem.com","28"
"adud3@acibadem.com","325"
"adud4@acibadem.com","873"
"adud5@acibadem.com","115"
"adudbir@acibadem.com","6"
"AFKO@acibadem.com","2995"
"ahb_hhm_checkup@acibadem.com","84"
"ahb_hhm_santral@acibadem.com","3947"
"ahb7ncikatekibi@acibadem.com","13"
"ahbeczane@acibadem.com","42194"
"ahbfaturakontrol@acibadem.com","692"
"ahbhd10kat@acibadem.com","10"
"ahbhd6.kat@acibadem.com","6"
"ahbhd8.kat@acibadem.com","3"
"ahbhd9.kat@acibadem.com","29"
"ahbhdacilservis@acibadem.com","26"
"ahbhdamelyathanehemsireleri@acibadem.com","3"
"ahbhdgenhem@acibadem.com","17"
"ahbhdklinikegitim@acibadem.com","56"
"ahbhdkvcyb@acibadem.com","11"
"ahbhdpolihem@acibadem.com","70"
"ahbhdsorumluhemsireler@acibadem.com","690"
"ahbhdsupervizor@acibadem.com","154"
"ahbhdyenidogan@acibadem.com","82"
"ahbhhmhastacikis@acibadem.com","4095"
"ahbhhmhastadanismani@acibadem.com","77"
"ahbhhmhastayatis@acibadem.com","3901"
"AHBHHMYatanhastahizmetleri@acibadem.com","341"
"ahbtabhastgrub@acibadem.com","3901"
"ahbtdacil@acibadem.com","1"
"ahbtdanesteziyoloji@acibadem.com","61"
"ahbtdgenelcerrahi@acibadem.com","1"
"ahbtdkadindogum@acibadem.com","1"
"ahbtdkvc@acibadem.com","2"
"ahbyoneticiler@acibadem.com","345"
"ahhd1.kat@acibadem.com","66"
"ahhd2.kat@acibadem.com","32"
"ahhd3.kat@acibadem.com","37"
"ahhdacilservis@acibadem.com","80"
"ahhdanjio@acibadem.com","33"
"ahhdcyb@acibadem.com","83"
"ahhdkadindogum@acibadem.com","2"
"ahhdklinikegitim@acibadem.com","179"
"ahhdkvcyb@acibadem.com","75"
"ahhdmsu@acibadem.com","40"
"ahhdpoliklinik@acibadem.com","21"
"ahhdsorumluhemsire@acibadem.com","1356"
"ahhhm@acibadem.com","74"
"ahhhmhasta.cikis@acibadem.com","341"
"ahhhmhasta.danismanlari@acibadem.com","66"
"ahhhmhastakabul@acibadem.com","311"
"ahhhmyatanhastadan@acibadem.com","66"
"ahkdanisma@acibadem.com","33"
"ahkeczane@acibadem.com","42382"
"ahkhastakabul@acibadem.com","487"
"ahkhdklinikegitim@acibadem.com","48"
"ahkhdsorumluhemsireler@acibadem.com","5342"
"ahkhmmhastayatiscikis@acibadem.com","962"
"ahksantral@acibadem.com","6252"
"ahksorumlular@acibadem.com","41"
"ahktabhastgrub@acibadem.com","1341"
"ahkyatanhastadanismanlari@acibadem.com","150"
"ahsantral@acibadem.com","2569"
"ahtabhastgrub@acibadem.com","2510"
"ahtdacil@acibadem.com","1"
"ahtdanesteziyoloji@acibadem.com","2"
"ahtdcocukhastaliklari@acibadem.com","7"
"ahtdkadindogum@acibadem.com","14"
"ahtdkardiyoloji@acibadem.com","1"
"ahtdkvc@acibadem.com","1"
"ahtdortopedi@acibadem.com","4"
"ahtdradyoloji@acibadem.com","1"
"akozbashekimlik@acibadem.com","190"
"akozgecehizmetleri@acibadem.com","5062"
"alarm.merkezi@acibademmobil.com.tr","1728"
"alarm@acibadem.com","425"
"alarmmerkezi@acibadem.com","57"
"alifehastayonlendirme@acibadem.com","1"
"alifeisletme@acibadem.com","967"
"alifekosuyoluperlist@acibadem.com","2"
"allianzmobilprovizyonicmal@acibademmobil.com.tr","42"
"allianzonkontrol@acibadem.com","117"
"aloacibadem@acibadem.com","830"
"alojistik@acibadem.com","1791"
"altunizade.tinax@acibadem.com","12"
"altunizademisafirhekim2@acibadem.com","74"
"altunizadeprovizyon@acibadem.com","136"
"anadolusigortadestek@acibadem.com","5"
"ankacibademanesteziteknikerleri@acibadem.com","10"
"ankacildoktor@acibadem.com","2"
"ankameliyatlistesi@acibadem.com","83"
"ankaradestekhizmetleri@acibadem.com","12"
"ankaradokutiplemelaboratuvari@acibadem.com","10"
"ankaradtlornekkabul@acibademlabmed.com.tr","5"
"ankarainfo@acibadem.com","420"
"ankastorearizabildrim@acibadem.com","2"
"ankayaktanfiyatverme@acibadem.com","272"
"ankbashekimlik@acibadem.com","52"
"ankbirimsorumlulari@acibadem.com","10"
"ankbiyomedikal@acibadem.com","238"
"ankbt@acibadem.com","1257"
"ankclinlabteknisyen@acibadem.com","877"
"ankdisperlist@acibadem.com","8"
"AnkDocList@acibadem.com","40"
"ankdoklist@acibadem.com","42"
"ankeczane@acibadem.com","7742"
"ankfaturakontrol@acibadem.com","386"
"ankguvenlik@acibadem.com","15"
"ankhd10.katve11.kat@acibadem.com","108"
"ankhd4.katve5.kat@acibadem.com","71"
"ankhd6.katve7.kat@acibadem.com","107"
"ankhd8.katve9.kat@acibadem.com","132"
"ankhdacilservis@acibadem.com","30"
"ankhdameliyathanevemsu@acibadem.com","6"
"ankhdekipliderleri@acibadem.com","48"
"ankhdgybu@acibadem.com","28"
"ankhdkeh@acibadem.com","1"
"ankhdmsu@acibadem.com","6"
"ankhdnicu@acibadem.com","69"
"ankhdpoliklinik@acibadem.com","33"
"ankhdsorumluhemsireler@acibadem.com","565"
"AnkHemlist@acibadem.com","1"
"AnkHemlist@acibadem.com.tr","8"
"ankhhmekipliderleri@acibadem.com","758"
"ankhhmhasta.cikis@acibadem.com","2059"
"ankhhmhasta.danismanlari@acibadem.com","2160"
"ankhhmhastakabul@acibadem.com","284"
"Ankhhmlist@acibadem.com","27"
"Ankhhmlist@acibadem.com.tr","36"
"ankhhmsantral@acibadem.com","1478"
"ankhhmsorumlular@acibadem.com","85"
"ankhhmyatanhastadan@acibadem.com","451"
"ankhhmyonetim@acibadem.com","2108"
"ankistencikisonaylist@acibadem.com","30"
"ankldanadepo@acibadem.com","3370"
"anknobetciisletme@acibadem.com","462"
"ankolaybildirim@acibadem.com","35"
"ankops@acibadem.com","454"
"ankozelhastalar@acibadem.com","2"
"Ankperlist@acibadem.com","16"
"Ankperlist@acibadem.com.tr","15"
"ankprovizyon@acibadem.com","350"
"ankradyoloji@acibadem.com","12"
"anksantral@acibadem.com","17"
"anktabhastgrub@acibadem.com","1376"
"ankteknik@acibadem.com","221"
"anktemizlik@acibadem.com","81"
"ankubs@acibadem.com","27"
"ankuhm@acibadem.com","108"
"ankulasim@acibadem.com","775"
"ankvip@acibadem.com","3"
"ankyabanchastagrubu@acibadem.com","1"
"ankyatanfiyatverme@acibadem.com","344"
"ankyatanhastaborc@acibadem.com","84"
"ankyp@acibadem.com","18"
"apbcpolikliniklist@acibadem.com","145"
"aplus.destek@acibadem.com","647"
"aplus.pazarlama@aplus.web.tr","168"
"aplusbordrotahakkuk@acibadem.com","11252"
"aplusbs@aplus.web.tr","1570"
"apluscafekontrol@acibadem.com","985"
"aplusdepo@acibadem.com","480"
"aplusdiverseymutfak@aplus.web.tr","14"
"aplusdiyetsorumlulari@acibadem.com","26"
"aplusecolabcam@aplus.web.tr","4"
"aplusecolabmutfak@aplus.web.tr","64"
"aplusecolabtem@aplus.web.tr","59"
"aplusegitim@acibadem.com","269"
"aplusgidateknikerleri@acibadem.com","337"
"aplusgideryonetimi@acibadem.com","1936"
"aplusicra@acibadem.com","8"
"aplusinsankaynaklari@acibadem.com","6391"
"aplusisgelistirme@aplus.web.tr","17"
"apluskalitebildirimleri@acibadem.com","17"
"apluskaliteyonetimi@acibadem.com","1445"
"apluskathizmetlerisef@acibadem.com","78"
"apluslojistik@acibadem.com","1791"
"apluslokasyonegitimcileri@acibadem.com","20"
"aplusmaliisler@acibadem.com","192"
"aplusmutfaksefleri@acibadem.com","76"
"aplusoperasyonyoeneticilerianadolu@acibadem.com","516"
"aplusoperasyonyoeneticileriistanbul@acibadem.com","589"
"aplusopsorumlular@acibadem.com","29"
"aplusperlist@acibadem.com","12"
"aplussamandiradepo@acibadem.com","810"
"aplussatinalma@acibadem.com","15445"
"aplussupervizor@acibadem.com","82"
"aplustekniksamandira@acibadem.com","426"
"aplustemizlik@acibadem.com","218"
"aplusyiyeceicecekyonetim@acibadem.com","54"
"aplusyonetimekibi@acibadem.com","15"
"appsdba@acibadem.com","3000"
"aravardiyacc@acibadem.com","5"
"arge@acibademlabmed.com","1"
"arge@asg.com.tr","40"
"argeidari@acibadem.com","2"
"argevetasarimmerkezleri@acibadem.com","11"
"asg.cosec@acibadem.com","150"
"asg.eczaneler@acibadem.com","784"
"asg_hashizmudurleri@acibadem.com","771"
"asgacilkomitesi@acibadem.com","4"
"asgacilsorumluhemsireler@acibadem.com","41"
"asgameliyatlistesi@acibadem.com","161"
"asganadoluhastmuhasebesor@acibadem.com","193"
"asganestezisorumluteknisyen@acibadem.com","15"
"asganlkurekip@acibadem.com","17450"
"asgargeprojesi@acibadem.com","11"
"asgarsiv@acibadem.com","88"
"asgatmdirbashekimislmd@acibadem.com","90"
"asgayaktanhastahizsorumlulari@acibadem.com","272"
"asgbashekimlerr@acibadem.com","242"
"asgbio_satinalma@acibadem.com","2903"
"asgbiyomedikalbackoffice@acibadem.com","561"
"asgbiyosor@acibadem.com","99"
"ASGBodrumDoktorDuyuru@acibadem.com","1"
"ASGBodrumPersonelDuyuru@acibadem.com","1"
"asgbordrotahakkuk@acibadem.com","5065"
"asgbranssurecyonetimi@acibadem.com","136"
"asgbs@acibadem.com","19"
"asgbserp@acibadem.com","766"
"asgbsisistem@acibadem.com","172"
"asgbsmevzuat@acibadem.com","7"
"asgbsoperasyongrupyonetimi@acibadem.com","671"
"asgbsprojeyonetimofisi@acibadem.com","3256"
"asgbssistemdestek@acibadem.com","889"
"asgbsuyggel@acibadem.com","3506"
"asgbsuyggelfinans@acibadem.com","4255"
"asgbsuyggelmedikal@acibadem.com","4529"
"asgbsuyggelweb@acibadem.com","3627"
"ASGbsuygulamadestekcrmweb@acibadem.com","88"
"ASGbsuygulamadestekfinans@acibadem.com","3009"
"ASGbsuygulamadesteklojistik@acibadem.com","2092"
"asgbsuygulamadestekmerkez@acibadem.com","5887"
"asgbsuygulamadesteksaha@acibadem.com","3707"
"Asgbsuygulamadestektibbi@acibadem.com","2353"
"asgbsyardimmasasi@acibadem.com","6791"
"asgbsyazilimlojistik@acibadem.com","5048"
"asgbsyonetim@acibadem.com","11"
"asgbt@acibadem.com","17"
"asgbtprojeyonetimi@acibadem.com","287"
"Asgbtsistemyonetimi@acibadem.com","3524"
"asgbutceperlist@acibadem.com","673"
"asgcagrisorumlulari@acibadem.com","3"
"asgcihaztransferi@acibadem.com","1"
"asgdestekhizmetleri@acibadem.com","301"
"asgdestekkatvetemizlikhiz@acibadem.com","1"
"asgdevlettesvikleri@acibadem.com","352"
"asgdijitalpazarlama@acibadem.com","19"
"asgdiyabethem@acibadem.com","44"
"asgdiyalizhemtek@acibadem.com","9"
"asgdiyetbankolari@acibadem.com","3"
"asgdoklist@acibadem.com","33"
"asgeczacilar@acibadem.com","513"
"asgenfeksiyonhem@acibadem.com","97"
"asgfaturakontrolsorumlular@acibadem.com","448"
"asgfiyatlandirmaveanalizmudurlugu@acibadem.com","3617"
"asgfiyatlandirmavehakedis@acibadem.com","166"
"asgfizyoterapistler@acibadem.com","1"
"asggelirraporubildirimgrubu@acibadem.com","3"
"asggenelyogunbakimsorumlusuhemsireleri@acibadem.com","12"
"asggeradyolojidoktor@acibadem.com","4"
"asggeradyolojitekniker@acibadem.com","3"
"asggideryonetimi@acibadem.com","7"
"asggmydirvediryrd@acibadem.com","120"
"asggmyvedir@acibadem.com","1"
"asggmyvehastanedir@acibadem.com","2"
"asggosterge@acibadem.com","44"
"asggunlukcirobildirim@acibadem.com","86"
"asggunlukislemlerraporugunlukozetbildirimgrubu@acibadem.com","47"
"asggunlukislemlerraporutrendekibildirimgrubu@acibadem.com","15"
"asgguvenlik@acibadem.com","1"
"asgguvsor@acibadem.com","173"
"asghaberlesme@acibadem.com","8"
"asghah@acibadem.com","56"
"asghakedissistgelis@acibadem.com","2207"
"asghashizdir@acibadem.com","3518"
"asghashizisanalizi@acibadem.com","2255"
"asghashizproje@acibadem.com","500"
"asghastabakim@acibadem.com","121"
"asghastanedirveyrd@acibadem.com","594"
"asghdameliyathanevemsukeh@acibadem.com","62"
"asghdamlsorumluhemsireleri@acibadem.com","519"
"asghdegitim@acibadem.com","410"
"asghdmsusorumluhemsireler@acibadem.com","403"
"asghekimisleri@acibadem.com","24"
"asghekimodemeleri@acibadem.com","4035"
"asghembilisim@acibadem.com","10"
"AsgHemHizDir@acibadem.com","14"
"asghemlist@acibadem.com","1"
"asghemovijilanshemsireleri@acibadem.com","21"
"asghhdnicusorumluhemsireler@acibadem.com","102"
"asghhegitimliderleri@acibadem.com","31"
"asghhgelisim@acibadem.com","591"
"asghhhavuzkadro@acibadem.com","163"
"asghhmekipliderleri@acibadem.com","203"
"asghhmsorumlular@acibadem.com","277"
"asghhmyatanhastaekipliderleri@acibadem.com","11"
"asghhyatanhavuz@acibadem.com","181"
"asghost@asg.com.tr","430"
"asgirtibatofisleri@acibadem.com","28"
"asgisletmemudurvesorumlulari@acibadem.com","256"
"asgistiraklerbilgiteknolojileri@acibadem.com","19"
"asgkarraporubildirimgrubu@acibadem.com","2"
"asgkoronerybsh@acibadem.com","11"
"asgkurcheckup@acibadem.com","4399"
"asgkurpaz@acibadem.com","1590"
"asgkurumsaliletisim@acibadem.com","7"
"asgkvcsh@acibadem.com","11"
"asgkvkk@acibadem.com","27"
"asgldanadepolar@acibadem.com","679"
"asgldbagana@acibadem.com","237"
"asgldlojsorumlular@acibadem.com","141"
"asgldmerkezdepo@acibadem.com","25607"
"asgldpolanadepo@acibadem.com","325"
"asgliveekibi@acibadem.com","1563"
"asglojistikbackoffice@acibadem.com","9468"
"asglsnonmedikal@acibadem.com","6910"
"asgmaliislertesvik@acibadem.com","11"
"asgmalzemelisteleri@acibadem.com","162"
"ASGMaslakIVFAlarm@acibadem.com","19"
"asgmerkezdirveyrd@acibadem.com","1"
"asgmerkezilacdepo@acibadem.com","1325"
"asgmudurler1@acibadem.com","4"
"asgnet_ank@acibadem.com","1"
"asgnet_atk@acibadem.com","8"
"Asgnet_atz@acibadem.com","7"
"asgnet_bdr@acibadem.com","1"
"asgnet_bkr@acibadem.com","1"
"asgnet_brs@acibadem.com","2"
"asgnet_bs@acibadem.com","1"
"asgnet_esk@acibadem.com","1"
"asgnet_ful@acibadem.com","1"
"asgnet_hah@acibadem.com","3"
"asgnet_hm@acibadem.com","2"
"asgnet_ih@acibadem.com","1"
"asgnet_ii@acibadem.com","2"
"asgnet_ik@acibadem.com","7"
"asgnet_kay@acibadem.com","3"
"asgnet_kdk@acibadem.com","4"
"asgnet_koc@acibadem.com","6"
"asgnet_koz@acibadem.com","1"
"asgnet_mas@acibadem.com","8"
"asgnet_mrk@acibadem.com","32"
"asgnet_tak@acibadem.com","9"
"asgnet_tb@acibadem.com","1"
"asgnobetciisletmemudur@acibadem.com","7"
"asgolaybildirim@acibadem.com","3675"
"asgpatoloji@acibadem.com","28"
"asgplanlamaisgelistirmemud@acibadem.com","27"
"asgplanlamaveisgelistirme@acibadem.com","78"
"asgpolilac@acibadem.com","259"
"asgpsikologlar@acibadem.com","5"
"asgradyoterapi@acibadem.com","2"
"asgsahapaz@acibadem.com","207"
"asgsalabiofiyatyonetimi@acibadem.com","693"
"asgsalobioerp@acibadem.com","985"
"asgsatinalmaarge@acibadem.com","6896"
"asgsgkkoordinasyon@acibadem.com","721"
"asgsiemensradyolojidoktor@acibadem.com","2"
"asgsiemensradyolojitekniker@acibadem.com","1"
"asgsilac@acibadem.com","5791"
"asgsorumlueczacilar@acibadem.com","346"
"asgsozlesmeyonetimi@acibadem.com","1110"
"asgspor@acibadem.com","108"
"asgtahakkuk@acibadem.com","420"
"asgtakiphizmetyetkilileri@acibadem.com","88"
"asgtddermotolojidok@acibadem.com","1"
"asgtdkardiyolojidok@acibadem.com","28"
"asgtdpatolojidok@acibadem.com","24"
"asgteknikhizm@acibadem.com","2"
"asgteknikhizmetleri@acibadem.com","34"
"asgteknikyonetim@acibadem.com","23"
"asgteknisyenler@acibadem.com","1"
"asgteknolojiafetkomitesi@acibadem.com","5"
"asgtibbiarsivpersonelleri@acibadem.com","32"
"asgtibbidirektorluk@acibadem.com","114"
"asgticariodemeler@acibadem.com","2018"
"asgtumanavezneler@acibadem.com","14"
"asgtumhashizdir@acibadem.com","545"
"asgtumperlist@acibadem.com","25"
"asguhmsigorta@acibadem.com","7"
"asgulasim@acibadem.com","735"
"asgulasimsorumlulari@acibadem.com","249"
"asgurunyonetimi@acibadem.com","989"
"asgutsproje@acibadem.com","1"
"asgyatanhastasorumlulari@acibadem.com","284"
"ashhekim@acibadem.com","5"
"ashsueruecue@acibadem.com","18"
"ashteknisyen@acibadem.com","16"
"assetkontrol@acibadem.com","2"
"assistmobil@acibadem.com","478"
"assistprojesi@acibadem.com","2"
"ataameliyathaneekibi@acibadem.com","20"
"ataameliyatlistesi@acibadem.com","85"
"ataayaktanfiyatverme@acibadem.com","136"
"atabashekimlik@acibadem.com","172"
"atabdp@acibadem.com","12"
"atabiyomedikal@acibadem.com","26"
"atadoklist@acibadem.com","60"
"atahemhizlist@acibadem.com","15"
"atahemlist@acibadem.com","10"
"atahemsirelerlistesi@acibadem.com","4"
"atahhm@acibadem.com","151"
"atahhmekiplideri@acibadem.com","262"
"atahhmlist@acibadem.com","56"
"atahhmsorumlular@acibadem.com","3"
"atahhmyonetim@acibadem.com","968"
"ataiskazalari@acibadem.com","1"
"atak3kat@acibadem.com","62"
"atak6kat@acibadem.com","3"
"atak7kat@acibadem.com","4"
"atak8kat@aicbadem.com.tr","2"
"atak9.kathemsireler@acibadem.com","5"
"atakacilhastahizmetleri@acibadem.com","67"
"atakacilservis@acibadem.com","19"
"atakameliyathane@acibadem.com","1"
"atakameliyatlistesi@acibadem.com","83"
"atakarsiv@acibadem.com","581"
"atakayaktanfiyatverme@acibadem.com","796"
"atakbashekimlik@acibadem.com","598"
"atakbashekimliksorumlular@acibadem.com","62"
"atakbebekodasi@acibadem.com","7"
"atakbiyomedikal@acibadem.com","1352"
"atakbt@acibadem.com","1667"
"atakdanisma@acibadem.com","233"
"atakent@acibadem.com","36"
"atakentdestekhizmetleri@acibadem.com","135"
"atakentgenetik@acibadem.com","87"
"atakentmisafirhekim@acibadem.com","1"
"atakenton@acibadem.com","11"
"atakentozeldallar@acibadem.com","35"
"atakentprovizyon@acibadem.com","2"
"AtakentTinax@acibadem.com","16"
"atakfaturakontrol@acibadem.com","1857"
"atakfiyatverme@acibadem.com","289"
"atakgecesorumluhemsireleri@acibadem.com","9"
"atakgeceyatiscikisekibi@acibadem.com","635"
"atakguvenlik@acibadem.com","97"
"atakgyb@acibadem.com","1"
"atakhastahizmetleriorganizasyonkomitesi@acibadem.com","1"
"atakhastailetisim@acibadem.com","90"
"atakhastakabulyetkilileri@acibadem.com","3399"
"atakhemsirelikekipliderleri@acibadem.com","116"
"atakhhm2b3bbanko@acibadem.com","6"
"atakhhmayaktanekipliderleri@acibadem.com","5417"
"atakhhmayaktanhastadanismanlari@acibadem.com","3257"
"atakhhmayaktansorumlular@acibadem.com","1479"
"atakhhmhastayatiscikis@acibadem.com","768"
"atakhhmsantral@acibadem.com","11163"
"atakhhmyatanhastadanismanlari@acibadem.com","515"
"atakhhmyatiscikisyetkilileri@acibadem.com","9"
"atakhhmyonetim@acibadem.com","3020"
"atakinfo@acibadem.com","167"
"atakiskazasi@acibadem.com","15"
"atakissagveguvkur@acibadem.com","4"
"atakkaliteyonetimsistemi@acibadem.com","1"
"atakkeh@acibadem.com","158"
"atakkoroneryogunbakim@acibadem.com","3"
"atakkvcyb@acibadem.com","63"
"ataklab.fiyatverme@acibadem.com","1"
"ataklabsonuclari2@acibadem.com","73"
"atakldanadepo@acibadem.com","7702"
"atakmsu@acibadem.com","130"
"ataknicu@acibadem.com","49"
"ataknobetciisletme@acibadem.com","2679"
"atakolaybildirimi@acibadem.com","536"
"atakops@acibadem.com","474"
"atakozelhastalar@acibadem.com","29"
"atakpkybu@acibadem.com","5"
"atakpolhem@acibadem.com","63"
"atakprovizyon@acibadem.com","40"
"atakradyolojifiyatverme@acibadem.com","2"
"ataksacekimi@acibadem.com","6"
"ataksantral@acibadem.com","15"
"ataksorumluhemsireler@acibadem.com","23143"
"ataksorumlular@acibadem.com","68"
"ataktabhastgrub@acibadem.com","8874"
"atakteknik@acibadem.com","309"
"ataktemizlik@acibadem.com","587"
"atakuhmofis@acibadem.com","4051"
"atakulasim@acibadem.com","4382"
"atakuykubozukluklari@acibadem.com","37"
"atakyabancihasta@acibadem.com","99"
"atakyatanekipliderleri@acibadem.com","2341"
"atakyatanfiyatverme@acibadem.com","773"
"atakyatanhastaborc@acibadem.com","84"
"atakyatis@acibadem.com","508"
"atakyoneticiasistanlari@acibadem.com","281"
"atakyoneticiler@acibadem.com","1284"
"ataldanadepo@acibadem.com","10"
"atanobetciisletme@acibadem.com","61"
"ataolaybildirim@acibadem.com","22"
"ataops@acibadem.com","1"
"ataperlist@acibadem.com","38"
"atasehirinfo@acibadem.com","256"
"atasehirinsankaynaklari@acibadem.com","2"
"atasehirmisafirhekim@acibadem.com","22"
"atasehirtesto@acibadem.com","10"
"atasorumlular@acibadem.com","21"
"atasotlistesi@acibadem.com","85"
"ataubs@acibadem.com","75"
"atayatanfiyatverme@acibadem.com","16"
"atayatanhastaborc@acibadem.com","83"
"atkastorearizabildirim@acibadem.com","48"
"atkdoklist@acibadem.com","103"
"atkeczacilar@acibadem.com","377"
"atkeczane@acibadem.com","135904"
"atkhemlist@acibadem.com","8"
"atkhhmlist@acibadem.com","58"
"atkhhmsorumlular@acibadem.com","1375"
"atkperlist@acibadem.com","72"
"atkubs@acibadem.com","994"
"atmgelirraporubildrimgrubu@acibadem.com","3"
"atmkarraporubildirimgrubu@acibadem.com","2"
"atmops@acibadem.com","29"
"atz2abanko@acibadem.com","77"
"atz3abanko@acibadem.com","42"
"atz4abanko@acibadem.com","127"
"atz5abanko@acibadem.com","59"
"atzacilhhmbanko@acibadem.com","59"
"atzambulansbildirim@acibadem.com","13"
"atzameliyatlistesi@acibadem.com","78"
"atzanavezne@acibadem.com","49"
"atzanjio@acibadem.com","5"
"atzarsiv@acibadem.com","363"
"atzastorearizabildirim@acibadem.com","23"
"atzayaktanfiyatverme@acibadem.com","2"
"atzayaktanhastadanismanlari@acibadem.com","8651"
"atzayaktanhastakabulyetkilileri@acibadem.com","8745"
"atzayaktanhasthizekipliderleri@acibadem.com","10911"
"atzayaktanhasthizsor@acibadem.com","12983"
"atzayaktanhemsirelik@acibadem.com","5"
"atzbashekimlik@acibadem.com","218"
"atzbilgiteknolojileri@acibadem.com","2115"
"atzbirimsorumlulari@acibadem.com","46"
"atzbiyomedikal@acibadem.com","1378"
"atzchechupbanko@acibadem.com","9004"
"atzdanisma@acibadem.com","180"
"atzdestek@acibadem.com","440"
"atzdoklist@acibadem.com","77"
"atzeczacilar@acibadem.com","245"
"atzeczane@acibadem.com","213000"
"atzeeguykuhastatakip@acibadem.com","36"
"atzfaturakontrol@acibadem.com","1471"
"atzfiyatverme@acibadem.com","1479"
"atzfiyatverme10@acibadem.com","199"
"atzfiyatverme11@acibadem.com","61"
"atzfiyatverme12@acibadem.com","132"
"atzfiyatverme13@acibadem.com","47"
"atzfiyatverme14@acibadem.com","41"
"atzfiyatverme15@acibadem.com","38"
"atzfiyatverme2@acibadem.com","126"
"atzfiyatverme20@acibadem.com","47"
"atzfiyatverme3@acibadem.com","72"
"atzfiyatverme4@acibadem.com","57"
"atzfiyatverme5@acibadem.com","62"
"atzfiyatverme6@acibadem.com","255"
"atzfiyatverme7@acibadem.com","57"
"atzfiyatverme8@acibadem.com","40"
"atzfiziktedavirehabilitasyon@acibadem.com","347"
"atzgastroenterolojihhmbanko@acibadem.com","40"
"atzgeceayaktanhastahizmetleri@acibadem.com","8682"
"atzgecehizmetleri@acibadem.com","269"
"atzgyb@acibadem.com","2"
"atzhastabakimsorumlulari@acibadem.com","561"
"atzhastailiskileri@acibadem.com","912"
"atzhastyatiscikisyetkilileri@acibadem.com","963"
"atzhd2conkolojihemsireleri@acibadem.com","7"
"atzhd3bhemsirelikhizmetleriekibi@acibadem.com","54"
"atzhd3cbeyincerrahiekibi@acibadem.com","5"
"atzhd4byatanhasta@acibadem.com","7"
"atzhd5kathemsirelikhizmetleriekibi@acibadem.com","1"
"atzhdacilservishemsireleri@acibadem.com","154"
"atzhdaferez@acibadem.com","21"
"atzhdameliyathanehemsireleri@acibadem.com","4"
"atzhdbebekodasihemsireleri@acibadem.com","102"
"atzhdekipliderleri@acibadem.com","70"
"atzhdgirisimselalanlarhemsireleri@acibadem.com","24"
"atzhdkeh@acibadem.com","36"
"atzhdkithematoloji@acibadem.com","168"
"atzhdkvcybhemsireleri@acibadem.com","48"
"atzhdkybhemsireleri@acibadem.com","4"
"atzhdmsu@acibadem.com","95"
"atzhdmultidisipliner@acibadem.com","2"
"atzhdpoliklinikhemsireleri@acibadem.com","27"
"atzhemlist@acibadem.com","8"
"atzhhmlist@acibadem.com","51"
"atzhhmsantral@acibadem.com","1595"
"atzhhmsorumlulari@acibadem.com","177"
"atzhhmyonetim@acibadem.com","8503"
"atzhucreseltedoperasyon@acibadem.com","244"
"atzik@acibadem.com","2507"
"atzinfo@acibadem.com","382"
"atzinsaat@acibadem.com","2"
"atziskazasi@acibadem.com","69"
"atzkadindogumbanko@acibadem.com","332"
"atzkadindogumhekimleri@acibadem.com","4"
"atzkehaday2018@acibadem.com","11"
"atzkirtasiyetalep@acibadem.com","416"
"atzkurumsaliletisim@acibadem.com","1"
"atzldanadepo@acibadem.com","8186"
"atzmedikalfizik@acibadem.com","4"
"atznicuhemsireleri@acibadem.com","1"
"atznobetciisletme@acibadem.com","1325"
"atznukleertipbanko@acibadem.com","446"
"atzodaarizatespit@acibadem.com","60"
"atzolaybildirim@acibadem.com","602"
"atzops@acibadem.com","922"
"atzozeldalhemsireleri@acibadem.com","28"
"atzozelhastalar@acibadem.com","54"
"atzpatoloji@acibadem.com","568"
"atzpatolojigiristakip@acibadem.com","1"
"atzpediatriekibi@acibadem.com","86"
"atzpediatrihdvehky@acibadem.com","7"
"atzperlist@acibadem.com","46"
"atzradyolojibanko@acibadem.com","756"
"atzradyoterapiariza@acibadem.com","21"
"atzradyoterapibanko@acibadem.com","302"
"atzraportor@acibadem.com","962"
"atzsgkhhmbanko@acibadem.com","5"
"atzsorumluhemsireler@acibadem.com","8742"
"atztemizlik@acibadem.com","663"
"atzthy@acibadem.com","87"
"atztoplantiorganizasyon@acibadem.com","17"
"atztumorkonseyi@acibadem.com","3"
"atztupbebekbanko@acibadem.com","445"
"atzuhm@acibadem.com","21143"
"atzulasim@acibadem.com","3804"
"atzyabancihastagrubu@acibadem.com","141"
"atzyatanfiyatverme@acibadem.com","905"
"atzyatanhastaborc@acibadem.com","86"
"atzyatanhastadanismanlari@acibadem.com","523"
"atzyatanhastahizmetleri@acibadem.com","367"
"atzyatanhasthizekipliderleri@acibadem.com","4948"
"atzyatanhasthizsor@acibadem.com","6645"
"atzyonetim@acibadem.com","431"
"atzyurtdisiilac@acibadem.com","67"
"avital@acibademmobil.com.tr","54"
"avitalhem@acibadem.com","55"
"avitalkosuyolu@acibadem.com","1"
"avlojistik@acibademmobil.com.tr","38"
"ayaktanhastahizmetleriekipliderleri@acibadem.com","524"
"ayaktanhastareferansonaylari@acibadem.com","1"
"ayaktanhhmekipliderleri@acibadem.com","37"
"azerbaijan@acibadem.com","523"
"backoffice@acibadem.com","3290"
"bagbashekimlik@acibadem.com","11"
"bagdatinfo@acibadem.com","347"
"bagdattesto@acibadem.com","34"
"bagdoklist@acibadem.com","73"
"bagfiyatverme@acibadem.com","85"
"baghemlist@acibadem.com","88"
"baghhmekiplideri@acibadem.com","246"
"baghhmlist@acibadem.com","75"
"baghhmsorumlular@acibadem.com","3"
"baghhmyonetim@acibadem.com","2221"
"bagolaybildirim@acibadem.com","7"
"bagops@acibadem.com","3"
"bagperlist@acibadem.com","35"
"bagsotlistesi@acibadem.com","84"
"bagubs@acibadem.com","53"
"bahdoklist@acibadem.com","17"
"bahhashizlist@acibadem.com","26"
"bahhemhizlist@acibadem.com","1"
"bahops@acibadem.com","9"
"bahperlist@acibadem.com","14"
"bak.guvenlik@acibadem.com","28"
"bak.jinekoloji@acibadem.com","1"
"bakameliyatlistesi@acibadem.com","84"
"bakarsiv@acibadem.com","330"
"bakastorearizabildirim@acibadem.com","2"
"bakayaktanfiyatverme@acibadem.com","204"
"bakbashekimlik@acibadem.com","230"
"bakbiyomedikal@acibadem.com","618"
"bakbt@acibadem.com","1374"
"bakfiyatverme@acibadem.com","2"
"bakgirisdanisma@acibadem.com","188"
"bakhastayatisveplanlama@acibadem.com","5"
"bakhd5kathem@acibadem.com","18"
"bakhdgho@acibadem.com","13"
"bakhhekipliderlerilistesi@acibadem.com","36"
"bakhhm@acibadem.com","24"
"bakhhmacil@acibadem.com","221"
"bakhhmayaktanhastahizmetleriekipliderleri@acibadem.com","497"
"bakhhmekipliderleri@acibadem.com","623"
"bakhhmgeceyatiscikis@acibadem.com","24"
"bakhhmhastakabul1424@acibadem.com","89"
"bakhhmpoliklinikhastakabul@acibadem.com","129"
"bakhhmsorumlular@acibadem.com","1519"
"bakhhmyatanhastahizmetleriekipliderleri@acibadem.com","86"
"bakhhmyonetim@acibadem.com","4293"
"bakhhnmyatanhastahizmetleri@acibadem.com","85"
"bakirkoydestekhizmetleri@acibadem.com","94"
"bakirkoyinfo@acibadem.com","416"
"bakirkoykurumsal@acibadem.com","9"
"bakirkoyprovizyon@acibadem.com","23"
"bakldanadepo@acibadem.com","5481"
"bakmisafirhekim@acibadem.com","16"
"baknobetciisletme@acibadem.com","1898"
"bakolaybildirim@acibadem.com","269"
"bakops@acibadem.com","1216"
"bakozeldalhem@acibadem.com","26"
"bakprovizyon@acibadem.com","38"
"baksacekimi@acibadem.com","32"
"baksantral@acibadem.com","153"
"baksorumlular@acibadem.com","21"
"baktsimverigrubu@acibadem.com","10"
"bakubs@acibadem.com","173"
"bakuhm@acibadem.com","3352"
"bakuhmfiyatverme@acibadem.com","423"
"bakulasim@acibadem.com","2309"
"bakvipcheckup@acibadem.com","358"
"bakyabancihasta@acibadem.com","1"
"bakyatanfiyatverme@acibadem.com","229"
"bakyatanhastaborc@acibadem.com","82"
"balkanlargrubu@acibadem.com","14852"
"bashekimasistanlari@acibadem.com","31"
"basin@acibadem.com","1983"
"basintakip@acibadem.com","133"
"batiavrupabolgesi@acibadem.com","1625"
"bernatest@acibadem.com","5"
"beyameliyatlistesi@acibadem.com","82"
"beyayaktanfiyatverme@acibadem.com","56"
"beybashekimlik@acibadem.com","8"
"beydanisma@acibadem.com","1"
"beydoklist@acibadem.com","43"
"beyfaturakontrol@acibadem.com","322"
"beyftrprovizyon@acibadem.com","25"
"beyhastakabul@acibadem.com","1"
"BeyHemlist@acibadem.com","5"
"Beyhhmlist@acibadem.com","77"
"beyhhmyonetim@acibadem.com","486"
"beyinvesinircer@acibadem.com","53"
"beyisletmedirektorlugu@acibadem.com","6"
"beylikduzuhemsirelik@acibadem.com","6"
"beylikduzuinfo@acibadem.com","280"
"beylikduzutesto@acibadem.com","119"
"beyolaybildirim@acibadem.com","14"
"beyperlist@acibadem.com","28"
"beysotlistesi@acibadem.com","84"
"beyubs@acibadem.com","35"
"beyyatanfiyatverme@acibadem.com","60"
"bhchastaguvenligitakimi@acibadem.com","1"
"bhsbashekimlik@acibadem.com","3"
"bhsdoktorlar@acibadem.com","53"
"bhsguvenlik@acibadem.com","3"
"bhshastahizmetleri@acibadem.com","149"
"bhshdhemsireler@acibadem.com","5"
"bhshhmyonetim@acibadem.com","126"
"bhspersonellistesi@acibadem.com","6"
"bhssotlistesi@acibadem.com","83"
"bhsubs@acibadem.com","16"
"bilgi@acibadem.com","183"
"bilgi@pembeizler.com","15"
"billing@acibadem.com","6039"
"bintmaas@acibadem.com","85"
"bintmuhasebe@acibadem.com","822"
"biomedikal@acibadem.com","394"
"bireyselsatis@acibademmobil.com.tr","26"
"birimik@acibadem.com","36"
"birimikist@acibadem.com","65"
"biyomedikalteslimalma@acibadem.com","5"
"Bkrdoklist@acibadem.com","25"
"Bkrdoklist@acibadem.com.tr","28"
"BkrHemlist@acibadem.com","1"
"BkrHemlist@acibadem.com.tr","2"
"Bkrhhmlist@acibadem.com","27"
"Bkrhhmlist@acibadem.com.tr","29"
"Bkrperlist@acibadem.com","13"
"Bkrperlist@acibadem.com.tr","16"
"bodacilservis@acibadem.com","17"
"bodacilservishekimleri@acibadem.com","20"
"bodameliyatlistesi@acibadem.com","83"
"bodanestezivereanimasyonhekimleri@acibadem.com","3"
"bodayaktanfiyatverme@acibadem.com","388"
"bodbashekimlik@acibadem.com","215"
"bodbiyomedikal@acibadem.com","284"
"bodbt@acibadem.com","2181"
"Boddoklist@acibadem.com","67"
"Boddoklist@acibadem.com.tr","59"
"bodeczane@acibadem.com","7327"
"bodevdebakim@acibadem.com","10"
"bodfaturakontrol@acibadem.com","1596"
"bodguvenlik@acibadem.com","29"
"bodhdekipliderleri@acibadem.com","73"
"bodhdkehaday@acibadem.com","40"
"bodhdsorumluhemsireler@acibadem.com","1918"
"BodHemlist@acibadem.com","1"
"BodHemlist@acibadem.com.tr","2"
"bodhhmayaktanhastahizmetleri@acibadem.com","236"
"bodhhmdanisma@acibadem.com","44"
"bodhhmekipliderleri@acibadem.com","3659"
"bodhhmhastadanismanlari@acibadem.com","180"
"bodhhmhastakabul@acibadem.com","452"
"BodHhmlist@acibadem.com","27"
"Bodhhmlist@acibadem.com.tr","29"
"bodhhmsantral@acibadem.com","5555"
"bodhhmyatanhastahizmetleri@acibadem.com","622"
"bodhhmyonetim@acibadem.com","2709"
"bodhmmacilservis@acibadem.com","624"
"bodinsankaynaklari@acibadem.com","1"
"bodintdoklist@acibadem.com","17"
"bodinthdlist@acibadem.com","1"
"bodinthhmlist@acibadem.com","26"
"bodintperlist@acibadem.com","25"
"bodissagligiveguvenligi@acibadem.com","1"
"bodldanadepo@acibadem.com","2683"
"bodmuhasebe@acibadem.com","117"
"bodnobetciisletme@acibadem.com","766"
"bodnobetteslim@acibadem.com","360"
"bodolaybildirim@acibadem.com","136"
"bodonkolojikonsey@acibadem.com","15"
"bodonkolojimerkezi@acibadem.com","1"
"bodops@acibadem.com","602"
"Bodperlist@acibadem.com","14"
"bodperlist@acibadem.com.tr","15"
"bodpolhem@acibadem.com","14"
"bodprovizyon@acibadem.com","399"
"BodRadyasyonGuevenliiKurulu@acibadem.com","1"
"bodradyolji@acibadem.com","5"
"bodresmiyazismalar@acibadem.com","116"
"bodrumclinicinternationalperlist@acibadem.com","14"
"bodrumdestekhizmetleri@acibadem.com","11"
"bodruminfo@acibadem.com","113"
"bodrumkliniklerihastahizmetleri@acibadem.com","34"
"bodrumtemizlikhizmetleri@acibadem.com","307"
"bodsantral@acibadem.com","40"
"bodsorumlu@acibadem.com","2"
"bodsorumluhemsireler@acibadem.com","26"
"bodteknik@acibadem.com","244"
"bodtesisguvenligi@acibadem.com","219"
"bodubs@acibadem.com","13"
"boduhm@acibadem.com","64"
"bodulasim@acibadem.com","954"
"bodyabancihasta@acibadem.com","3"
"bodyatanfiyatverme@acibadem.com","245"
"bodyatanhastaborc@acibadem.com","81"
"bodyatiscikis@acibadem.com","1074"
"bodyatistaburcu@acibadem.com","3497"
"bolgelokasyonlari@acibadem.com","237"
"bsmedulakomitesi@acibadem.com","7"
"bssgk@acibadem.com","22"
"btsatinalma@acibadem.com","3438"
"BTTakip@acibadem.com","52"
"bur.isg@acibadem.com","14"
"bur3kathemsileri@acibadem.com","1"
"buracilservis@acibadem.com","20"
"buramelhemsire@acibadem.com","53"
"burameliyatlistesi@acibadem.com","82"
"buranesteziteknikerleri@acibadem.com","15"
"burayaktanfiyatverme@acibadem.com","218"
"burbashekimlik@acibadem.com","25"
"burbiyomedikal@acibadem.com","656"
"burbt@acibadem.com","1323"
"burdokcerrahi@acibadem.com","3"
"burdoklist@acibadem.com","24"
"burdoklist@acibadem.com.tr","37"
"bureczane@acibadem.com","24257"
"burfaturakontrol@acibadem.com","692"
"burguvenlik@acibadem.com","1"
"burgybukybu@acibadem.com","2"
"burhd2kathemsireleri@acibadem.com","2"
"burhd4kat@acibadem.com","1"
"burhd5kat@acibadem.com","32"
"burhdgeceekiplideri@acibadem.com","101"
"burhdklinikegitim@acibadem.com","23"
"burhdkvc@acibadem.com","20"
"burhdkvcybu@acibadem.com","16"
"burHemlist@acibadem.com","1"
"burHemlist@acibadem.com.tr","5"
"burhhmacilservis@acibadem.com","479"
"burhhmdanisma@acibadem.com","31"
"burhhmekipliderleri@acibadem.com","3895"
"burhhmhastadanismanlari@acibadem.com","576"
"burhhmhastakabul@acibadem.com","657"
"burhhmlist@acibadem.com","27"
"burhhmlist@acibadem.com.tr","37"
"burhhmpersonel@acibadem.com","2"
"burhhmsantral@acibadem.com","19142"
"burhhmsorumlular@acibadem.com","2617"
"burhhmyatanhastahizmetleri@acibadem.com","1292"
"burhhmyonetim@acibadem.com","9947"
"burkat1@acibadem.com","1"
"burldanadepo@acibadem.com","4988"
"burmbb@acibadem.com","20"
"burnobetcimud@acibadem.com","449"
"burnobetteslim@acibadem.com","1028"
"burolaybildirim@acibadem.com","133"
"burops@acibadem.com","297"
"burperlist@acibadem.com","27"
"burperlist@acibadem.com.tr","9"
"burpolhemsireleri@acibadem.com","47"
"burradyoloji@acibadem.com","34"
"bursadestekhizmetleri@acibadem.com","11"
"bursainfo@acibadem.com","436"
"bursakemoterapi@acibadem.com","66"
"bursamuhasebe@acibadem.com","963"
"bursantral@acibadem.com","115"
"bursaorgannaklibanko@acibadem.com","4"
"bursatesto@acibadem.com","275"
"BursaTinax@acibadem.com","1"
"bursgkfaturakontrol@acibadem.com","914"
"bursorhem@acibadem.com","1625"
"bursorumlular@acibadem.com","303"
"burtabhastgrub@acibadem.com","18688"
"burtakiphiz@acibadem.com","111"
"burteknikservis@acibadem.com","4"
"burtemizlik@acibadem.com","25"
"burubs@acibadem.com","479"
"burulasim@acibadem.com","960"
"buryabancihastagrubu@acibadem.com","133"
"buryatanfiyatverme@acibadem.com","403"
"buryatanhastaborc@acibadem.com","86"
"buryenidoganevziyareti@acibadem.com","20"
"cagmermas@acibadem.com","4"
"cagmersonucbildirim@acibadem.com","277885"
"cagmeruhm@acibadem.com","1359"
"cagrimerkezialtunizade@acibadem.com","11"
"cagrimerkeziatakent@acibadem.com","133"
"cagrimerkeziegitimvekalite@acibadem.com","2762"
"cagrimerkezisahaoperasyonlari@acibadem.com","1"
"cagrimerkezitalep@acibadem.com","59251"
"cagrimerkeziwebdestekekibi@acibadem.com","565"
"callcentercheckup@acibadem.com","49"
"callcenterekiplider@acibadem.com","10285"
"callcentermusteritem@acibadem.com","1242"
"callcenterweb@acibadem.com","1453"
"camasirhane@acibadem.com","2134"
"camasirhanesikayetbildrimgrubu@acibadem.com","25"
"cameroun@acibadem.com","1"
"cansutest@acibademmobil.com.tr","54"
"ceracbster@acibadem.com","2074"
"ceradaster@acibadem.com","1859"
"ceradlivaka.KYS@acibadem.com","100"
"cerankster@acibadem.com","776"
"ceratzster@acibadem.com","6798"
"cerbakster@acibadem.com","3213"
"cerbrsster@acibadem.com","1"
"cereczane.adn@acibadem.com","2775"
"cereczane.brs@acibadem.com","13219"
"cereczane.esk@acibadem.com","4081"
"cereczane.kcl@acibadem.com","806"
"cereczane.koz@acibadem.com","461"
"cereczane.msl@acibadem.com","4106"
"cereskster@acibadem.com","309"
"cerflyster@acibadem.com","3728"
"cerintster@internationalhospital.com.tr","2007"
"cerkayster@acibadem.com","6"
"cerkclster@acibadem.com","8"
"cerkozster@acibadem.com","996"
"cermasster@acibadem.com","5398"
"certaksimster@acibadem.com","10"
"cervip.adn@acibadem.com","647"
"cervip.ank@acibadem.com","657"
"cervip.atasehir@acibadem.com","79"
"cervip.atk@acibadem.com","805"
"cervip.atz@acibadem.com","1708"
"cervip.bdr@acibadem.com","571"
"cervip.bkr@acibadem.com","358"
"cervip.brs@acibadem.com","758"
"cervip.esk@acibadem.com","299"
"cervip.fly@acibadem.com","514"
"cervip.intysl@acibadem.com","606"
"cervip.kcl@acibadem.com","243"
"cervip.kdk@acibadem.com","250"
"cervip.koz@acibadem.com","153"
"cervip.kys@acibadem.com","297"
"cervip.msl@acibadem.com","2475"
"cervip.taksim@acibadem.com","452"
"checkupdanismalari@acibadem.com","109"
"checkupprojegrubu@aicbadem.com.tr","1"
"cintanlasmalikurumlar@acibadem.com","25"
"cintbashekimlik@acibadem.com","18"
"cintops@acibadem.com","7"
"clinank@clinlab.com.tr","50"
"clinlabuzmangrup@acibadem.com","1"
"cmcheckup@acibadem.com","363"
"cmcheckuptalep@acibadem.com","53"
"cmdirektorlugu@acibadem.com","2"
"cmizintalep@acibadem.com","38"
"cmmerkez@acibadem.com","4894"
"cmsadakatprogrami@acibadem.com","2820"
"cmsinerjitalep@acibadem.com","85"
"cmsosyalmedya@acibadem.com","1454"
"cmtalepformu@acibadem.com","64"
"crm@acibadem.com","136"
"cusikayetdegerlendirmeekibi@acibadem.com","54"
"dba@acibadem.com.tr","116340"
"dbaerp@acibadem.com","1570"
"denemeidea@acibadem.com","55"
"denememail@acibadem.com","1"
"denetim@acibadem.com","1800"
"destekhizmetleriprojeekibi@acibadem.com","5"
"DIBA@acibadem.com","9171"
"digital.pathology.warnings@acibadem.com","398"
"dijitalpazarlama@acibadem.com","289"
"dijitalrapor@acibadem.com","2479"
"direktorasistanlari@acibadem.com","4"
"disarama@acibadem.com","220"
"disiplinkurulu@acibadem.com","17"
"disyonetim@acibadem.com","87"
"dmdatzoperasyon@acibadem.com","3"
"doguavrupa@acibadem.com","3231"
"doguavrupabolgesi@acibadem.com","6631"
"dokuman@acibadem.com","1042"
"dovizodemeonay@acibadem.com","115"
"dpsupport@acibadem.com","41"
"drape@acibadem.com","769"
"dtl@acibademlabmed.com.tr","171"
"e20merkezkomite@acibadem.com","5"
"earsivrapor@acibadem.com","149"
"eczacilikhizmud@acibadem.com","1516"
"eczane@internationalhospital.com.tr","47117"
"edergieditorekibi@acibadem.com","7"
"EHR_BS_Ekibi@acibadem.com","5"
"enteralbeslenme@acibadem.com","54"
"erandevu@acibadem.com","1"
"eriskinnet@acibademmobil.com.tr","34"
"erpsuperkullanici@acibadem.com","98"
"eskacilservisproje@acibadem.com","3"
"eskameliyatlistesi@acibadem.com","83"
"eskanesteziteknikerleri@acibadem.com","5"
"eskayaktanfiyatverme@acibadem.com","923"
"eskayrilanpersonel@acibadem.com","31"
"eskbashekimlik@acibadem.com","56"
"eskbiyomedikal@acibadem.com","420"
"eskbt@acibadem.com","1624"
"eskcalismalistesi@acibadem.com","3"
"eskdestekhizmetleri@acibadem.com","43"
"Eskdoklist@acibadem.com","38"
"Eskdoklist@acibadem.com.tr","54"
"eskeczane@acibadem.com","21796"
"eskegitimkomite@acibadem.com","101"
"eskfaturakontrol@acibadem.com","493"
"eskhastahizmetleri@acibadem.com","2"
"eskhd3.kat@acibadem.com","123"
"eskhd4kat@acibadem.com","42"
"eskhd5kat@acibadem.com","223"
"eskhdacilservis@acibadem.com","25"
"eskhdameliyathanehem@acibadem.com","12"
"eskhdanjio@acibadem.com","12"
"eskhdekipliderleri@acibadem.com","80"
"eskhdgenyoghem@acibadem.com","15"
"eskhdkvcyb@acibadem.com","11"
"eskhdmsu@acibadem.com","353"
"eskhdsorumluhemsireler@acibadem.com","3868"
"eskhdyenidogan@acibadem.com","27"
"EskHemlist@acibadem.com","1"
"EskHemlist@acibadem.com.tr","19"
"eskhhacilservis@acibadem.com","11"
"eskhhmayaktanhastadanismani@acibadem.com","83"
"eskhhmdanisma@acibadem.com","62"
"eskhhmekipliderleri@acibadem.com","1195"
"eskhhmhastakabul@acibadem.com","146"
"eskhhmhastayatiscikis@acibadem.com","1198"
"Eskhhmlist@acibadem.com","27"
"Eskhhmlist@acibadem.com.tr","46"
"eskhhmmtadaylari@acibadem.com","49"
"eskhhmsantral@acibadem.com","3651"
"eskhhmsorumlular@acibadem.com","14"
"eskhhmyatanhasta@acibadem.com","12183"
"eskhhmyonetim@acibadem.com","3884"
"eskhuremesagligi@acibadem.com","10"
"eskisehirinfo@acibadem.com","378"
"eskisehirprovizyon@acibadem.com","3"
"eskkemoterapi@acibadem.com","10"
"eskldanadepo@acibadem.com","7599"
"eskmavikodekibi@acibadem.com","3"
"eskmuhasebe@acibadem.com","727"
"esknobetciisletme@acibadem.com","323"
"esknukleertipanadoluhastanesi@acibadem.com","56"
"eskolaybildirim@acibadem.com","187"
"eskops@acibadem.com","194"
"eskozelhastalar@acibadem.com","294"
"Eskperlist@acibadem.com","29"
"Eskperlist@acibadem.com.tr","26"
"eskpolk1@acibadem.com","26"
"eskprovizyon@acibadem.com","165"
"eskresmiyazismalar@acibadem.com","94"
"esksantral@acibadem.com","7"
"esksorumlular@acibadem.com","36"
"eskteknik@acibadem.com","3"
"esktemizlik@acibadem.com","189"
"eskubs@acibadem.com","395"
"eskulasim@acibadem.com","905"
"eskyatanfiyatverme@acibadem.com","545"
"eskyatanhastaborc@acibadem.com","87"
"eskyatistaburcu@acibadem.com","11570"
"eskyoneticiasistanlari@acibadem.com","325"
"etibashekimlik@acibadem.com","12"
"etidoklist@acibadem.com","50"
"etihemhizlist@acibadem.com","1"
"etihhmekiplideri@acibadem.com","209"
"etihhmlist@acibadem.com","56"
"etihhmyonetim@acibadem.com","377"
"etilerinfo@acibadem.com","206"
"etiperlist@acibadem.com","37"
"etipolikinlikhem@acibadem.com","17"
"etisotlistesi@acibadem.com","84"
"evdebakimgirisimselhemsirelik@acibadem.com","61"
"evdebakimgirisimselsurucu@acibadem.com","64"
"faturakontrol@acibadem.com","264"
"faturakontrolsgkekibi@acibadem.com","28"
"filo@acibadem.com","7"
"finans@acibadem.com","18"
"finansalverimlilikraporlama@acibadem.com","50"
"fiyatbilgi@acibadem.com","1795"
"fiyatbilgigunduz@acibadem.com","1586"
"fiyatgrubu@acibadem.com","26"
"fulacilservis@acibadem.com","12"
"fulameliyatlistesi@acibadem.com","83"
"fulanesteziteknikerleri@acibadem.com","4"
"fulayaktanfiyatverme@acibadem.com","216"
"fulbashekimlik@acibadem.com","197"
"fulbiyomedikal@acibadem.com","772"
"fulbt@acibadem.com","2115"
"fulcheckup@acibadem.com","3"
"fulcheck-upsporcu@acibadem.com","8"
"Fuldoklist@acibadem.com","33"
"Fuldoklist@acibadem.com.tr","41"
"fuleczane@acibadem.com","39688"
"fulendoskopifiyatverme@acibadem.com","9"
"fulfaturakontrol@acibadem.com","848"
"fulguvenlik@acibadem.com","135"
"fulgybu@acibadem.com","19"
"fulhd10kat@acibadem.com","43"
"fulhd5kat@acibadem.com","3"
"fulhd7kat@acibadem.com","20"
"fulhd8kat@acibadem.com","27"
"fulhd9kat@acibadem.com","138"
"fulhdameliyathanehem@acibadem.com","114"
"fulhdderlenme@acibadem.com","9"
"fulhdkadindogum@acibadem.com","9"
"fulhdklinikegitim@acibadem.com","45"
"fulhdmsu@acibadem.com","3912"
"fulhdnicu@acibadem.com","45"
"fulhdpolhem@acibadem.com","16"
"FulHemlist@acibadem.com","4"
"FulHemlist@acibadem.com.tr","3"
"fulhhmacilservis@acibadem.com","73"
"fulhhmekipliderleri@acibadem.com","3577"
"fulhhmhastadanismanlari@acibadem.com","6949"
"fulhhmhastakabul@acibadem.com","7313"
"Fulhhmlist@acibadem.com","27"
"Fulhhmlist@acibadem.com.tr","30"
"fulhhmsantral@acibadem.com","289"
"fulhhmsorumlular@acibadem.com","388"
"fulhhmyatanekipliderleri@acibadem.com","2887"
"fulhhmyatanhastadanismanlari@acibadem.com","764"
"fulhhmyatiscikis@acibadem.com","1536"
"fulhhmyonetim@acibadem.com","6863"
"fuliskazasi@acibadem.com","12"
"fulivffiyatverme@acibadem.com","13"
"fulivt@acibadem.com","16"
"fulkemoterapi@acibadem.com","57"
"fulldanadepo@acibadem.com","6136"
"fulnobetciisletme@acibadem.com","1370"
"fulodaariza@acibadem.com","77"
"fulolaybildirim@acibadem.com","100"
"fulonkoloji@acibadem.com","14"
"fulops@acibadem.com","503"
"fulpalyatifbakekibi@acibadem.com","3"
"Fulperlist@acibadem.com","18"
"Fulperlist@acibadem.com.tr","14"
"fulradyoloji@acibadem.com","110"
"fulradyolojifiyatverme@acibadem.com","5"
"fulsorumluhemsireler@acibadem.com","1007"
"fulsports@acibadem.com","37"
"fultabhastgrub@acibadem.com","4369"
"fulteknik@acibadem.com","225"
"fultemizlikhizmetleri@acibadem.com","501"
"fultoplantisalonu@acibadem.com","205"
"fulubs@acibadem.com","554"
"fuluhm@acibadem.com","1458"
"fulya.ulasim@acibadem.com","2233"
"fulya365@acibadem.com","17"
"fulyaacibademekipliderleri@acibadem.com","17"
"fulyabancihastagrubu@acibadem.com","122"
"fulyadestekhizmetleri@acibadem.com","89"
"fulyahastahizmetleri@acibadem.com","13"
"fulyainfo@acibadem.com","440"
"fulyamisafirhekim@acibadem.com","66"
"fulyatanfiyatverme@acibadem.com","195"
"fulyatanhastaborc@acibadem.com","81"
"gammaknife@acibadem.com","534"
"gammaknifetalepformu@acibadem.com","86"
"gastromaslak@acibadem.com","2"
"gemdoklist@acibadem.com","17"
"gemhashizlist@acibadem.com","26"
"gemhemhizlist@acibadem.com","1"
"gemhhm@acibadem.com","11"
"Gemhhmlist@acibadem.com","72"
"gemhhmsorumlular@acibadem.com","6"
"gemhhmyonetim@acibadem.com","970"
"gemlik.info@acibadem.com","173"
"gemlikhemsirehizmetlerilistesi@acibadem.com","1"
"gemperlis@acibadem.com","12"
"gemsotlistesi@acibadem.com","85"
"genetik@acibadem.com","427"
"genetikcheckup@acibadem.com","1"
"genetikgrup@acibadem.com","89"
"genetikmusteri@acibadem.com","2"
"genetikmusterihizmetleri@acibadem.com","5848"
"genetikoperasyon@acibadem.com","4"
"georgia@acibadem.com","12"
"gideryonetimi@acibadem.com","2705"
"gkyeni@acibadem.com","190"
"gmbt@acibadem.com","28"
"gmhemlist@acibadem.com","2"
"gmperlist@acibadem.com","23"
"gmulasim@acibadem.com","6147"
"gokbashekimlik@acibadem.com","187"
"gokdoklist@acibadem.com","36"
"gokhastahizlist@acibadem.com","27"
"gokhastahizmetleri@acibadem.com","29"
"gokhemhizlist@acibadem.com","1"
"gokhhmekiplideri@acibadem.com","198"
"gokhhmyonetim@acibadem.com","622"
"gokperlist@acibadem.com","28"
"goksotlistesi@acibadem.com","85"
"gokturkinfo@acibadem.com","339"
"gokubs@acibadem.com","19"
"gsm@acibadem.com","1111"
"gunluksotlistesi@acibadem.com","86"
"guvenlik@acibadem.com","2"
"haberlesme@acibadem.com","64"
"hasta.iliskileri@acibadem.com","44"
"hastabakimstandartlarikomitesi@acibadem.com","1"
"hastahizmetleribilisimdanismanlari@acibadem.com","6"
"hastahizmetleripersoneltakip@acibadem.com","3"
"hastailiskilerikomitesi@acibadem.com","84"
"hastailiskilerikoordinatorlugu@acibadem.com","1843"
"hastanedestektalebi@acibadem.com","195"
"hastaprovizyon@acibadem.com","272"
"hastavecalisanguvenligi@acibademmobil.com.tr","23"
"hdhemhizmudurleri@acibadem.com","299"
"healthpoint@acibadem.com","26"
"healthpointceviri@acibadem.com","2043"
"healthpointcrm@acibadem.com","1"
"hemarkomisyon@acibadem.com","8"
"hemfikiratolyesi@acibadem.com","4"
"hhmisealim@acibadem.com","34"
"hi@acibadem.com","3190"
"hlalab@acibademlabmed.com.tr","1"
"hp@acibadem.com","3973"
"huecreseltedavi@acibadem.com","27"
"hukuk.komite@acibadem.com","33"
"ibd@asg.com.tr","1"
"ic.denetim@acibadem.com","43"
"icdenetim@acibadem.com","1"
"icdenetimkoordinatorlugu@acibadem.com","46"
"idarikadrolarisealim@acibadem.com","237"
"ideaacibademgrup@acibadem.com","56"
"ideabilisim@acibadem.com","686"
"idealabmedgrup@acibademlabmed.com.tr","69"
"ideamobilgrup@acibademmobil.com.tr","54"
"ihale@acibadem.com","565"
"ik@acibadem.com","1006"
"ikadana@acibadem.com","183"
"ikankara@acibadem.com","209"
"ikatakent@acibadem.com","920"
"ikbakirkoy@acibadem.com","316"
"ikbodrum@acibadem.com","244"
"ikbursa@acibadem.com","1079"
"ikcikisgorusmeform@acibadem.com","28"
"ikegitim@acibadem.com","279"
"ikeskisehir@acibadem.com","147"
"ikfulya@acibadem.com","271"
"ikgenelmudurluk@acibadem.com","588"
"ikgmcalisanlari@acibadem.com","1"
"ikinternational@acibadem.com","298"
"ikisealim@acibadem.com","183"
"ikisgelistirmeveprojeyonetimi@acibadem.com","85"
"ikkadikoy@acibadem.com","464"
"ikkayseri@acibadem.com","186"
"ikkocaeli@acibadem.com","184"
"ikkozyatagi@acibadem.com","255"
"iklaboratuvar@acibadem.com","768"
"ikmaslak@acibadem.com","1984"
"ikmudurler@acibadem.com","44"
"iksistemveucretyonetimi@acibadem.com","3073"
"iktaksim@acibadem.com","177"
"incirlik@acibadem.com","174"
"info.cluj@acibadem.com","80"
"info.ct@acibadem.com","30"
"info.md@acibadem.com","11"
"info.ro@acibadem.com","91"
"info@acibadem.com","652"
"info@acibademlabcell.com.tr","231"
"info@acibademlabmed.com.tr","645"
"info@acibademmobil.com.tr","75"
"info@acibademsports.com","163"
"info@clinlab.com.tr","23"
"info@internationalhospital.com.tr","1806"
"info@keremaydinlar.com","157"
"info@npglab.com","720"
"info@pembeizler.com","7"
"innovation@acibademtechnology.com","45"
"insankaynaklari@acibadem.com","17"
"intameliyatlistesi@internationalhospital.com.tr","86"
"intaplusyiyecekicecek@internationalhospital.com.tr","23"
"intaskom@acibadem.com","112"
"intastorearizabildirim@acibadem.com","1"
"intayaktanfiyatverme@acibadem.com","184"
"intbakimdestekper@acibadem.com","2"
"intbashekimlik@acibadem.com","2194"
"intbiyomedikal@acibadem.com","726"
"intbt@acibadem.com","1485"
"intdoktlist@acibadem.com","101"
"intekipliderleri@acibadem.com","117"
"international@acibadem.com","4131"
"internationaldestekhizmetleri@internationalhospital.com","9"
"internationalinfo@acibadem.com","530"
"intgecehizmetleri@internationalhospital.com.tr","91"
"intgeceisletmemud@acibadem.com","20"
"intgeceraporu@acibadem.com","69"
"inthastahizmetleri@internationalhospital.com.tr","121"
"inthdameliyathanehem@acibadem.com","10"
"inthdekiplideri@acibadem.com","121"
"inthemsirelikacil@acibadem.com","1"
"inthemslist@acibadem.com","15"
"inthhmacil@internationalhospital.com.tr","41"
"inthhmekipliderleri@internationalhospital.com.tr","739"
"inthhmhastacikis@internationalhospital.com.tr","279"
"inthhmhastadanismani@internationalhospital.com.tr","108"
"inthhmhastakabul@internationalhospital.com.tr","199"
"inthhmsorumlular@acibadem.com","1557"
"inthhmyatanhastadanismanlari@internationalhospital.com.tr","329"
"inthhmyonetim@acibadem.com","5222"
"inthhzlistesi@acibadem.com","40"
"inthosteknisyen@acibademlabmed.com.tr","102"
"intivffiyatverme@acibadem.com","10"
"intkadinhastaliklari@internationalhospital.com.tr","2"
"intklinikegitimhemsgr@internationalhospital.com.tr","73"
"intldanadepo@internationalhospital.com.tr","4256"
"intmedikalmuhasebe@internationalhospital.com.tr","450"
"intnobetciisletme@acibadem.com","777"
"intolaybildirim@acibadem.com","138"
"intops@acibadem.com","803"
"intozelhasta@acibadem.com","37"
"intperslist@acibadem.com","32"
"intpolhem@internationalhospital.com.tr","78"
"intsantral@acibadem.com","3"
"intsantralmail@internationalhospital.com.tr","2955"
"intsorumluhemsireler@internationalhospital.com.tr","9188"
"inttabhastgrub@acibadem.com","2500"
"inttdkadindogum@internationalhospital.com.tr","1"
"intteknik@internationalhospital.com.tr","27"
"inttemizlik@acibadem.com","76"
"intubs@acibadem.com","45"
"intuhm@acibadem.com","1393"
"intulasim@acibadem.com","1563"
"intyabancihastagrubu@internationalhospital.com.tr","91"
"intyabancihastaulasim@acibadem.com","91"
"intyatanfiyatverme@acibadem.com","96"
"intyatanhastaborc@acibadem.com","84"
"intyoneticiler2@acibadem.com","106"
"ipmadabiyomedikal@acibadem.com","92"
"ipmankbiyomedikal@acibadem.com","8"
"ipmbakbiyomedikal@acibadem.com","68"
"ipmburbiyomedikal@acibadem.com","61"
"ipmintbiyomedikal@acibadem.com","19"
"ipmkocbiyomedikal@acibadem.com","14"
"ipmkozbiyomedikal@acibadem.com","92"
"ipmmasbiyomedikal@acibadem.com","289"
"iraq@acibadem.com","3369"
"isbasvuru@acibadem.com","64"
"isgelistirmedirektorlugu@acibadem.com","11"
"isgelistirmeveprojeekibi@acibadem.com","214"
"isgelistirmeyonetim@acibadem.com","5"
"istanbuluzmangrup@acibademlabmed.com.tr","31"
"istek@alife.com.tr","1"
"istirakler.maliisler@acibadem.com","23"
"istiraklerbs@acibadem.com","6"
"ivf@acibadem.com","12"
"jirapatoloji@acibadem.com","1237"
"kadikoycheckup@acibadem.com","5"
"kadikoyinfo@acibadem.com","483"
"kadikoymisafirhekim@acibadem.com","32"
"kadikoyprovizyon@acibadem.com","9"
"kadikoytakiptekihizmetler@acibadem.com","286"
"kadikoytinax@acibadem.com","10"
"kanbilisim@acibadem.com","6"
"kariyer@acibademmobil.com.tr","57"
"kayacilhekimleri@acibadem.com","1"
"kayacilservis@acibadem.com","17"
"kayameliyatlistesi@acibadem.com","86"
"kayayaktanfiyatverme@acibadem.com","443"
"kaybashekimlik@acibadem.com","12"
"kaybashekimlk@acibadem.com","6"
"kaybiyomedikal@acibadem.com","427"
"kaybt@acibadem.com","1386"
"kaybutce@acibadem.com","5"
"kaydestekhizmetleri@acibadem.com","3"
"Kaydoklist@acibadem.com","30"
"Kaydoklist@acibadem.com.tr","38"
"kayeczane@acibadem.com","4537"
"kayfaturakontrol@acibadem.com","516"
"kayguvenlik@acibadem.com","341"
"kayhd2.kat@acibadem.com","5"
"kayhd3.kat@acibadem.com","1"
"kayhd3.katablok@acibadem.com","2"
"kayhdameliyathanehem@acibadem.com","1"
"kayhdekipliderleri@acibadem.com","189"
"kayhdgenyoghem@acibadem.com","1"
"kayhdgybu@acibadem.com","104"
"kayhdkemoterapi@acibadem.com","9"
"kayhdkkvcyb@acibadem.com","8"
"kayhdklinikegitim@acibadem.com","8"
"kayhdkvc@acibadem.com","2"
"kayhdmsu@acibadem.com","1"
"kayhdsorumluhemsireler@acibadem.com","331"
"kayhdyenidoganhem@acibadem.com","1"
"KayHemlist@acibadem.com","1"
"KayHemlist@acibadem.com.tr","2"
"kayhhmekipliderleri@acibadem.com","1548"
"kayhhmhastadanismanlari@acibadem.com","4847"
"kayhhmhastakabul@acibadem.com","680"
"kayhhmhastayatiscikis@acibadem.com","2600"
"Kayhhmlist@acibadem.com","27"
"Kayhhmlist@acibadem.com.tr","29"
"kayhhmsantral@acibadem.com","162"
"kayhhmsorumlular@acibadem.com","53"
"kayhhmyonetim@acibadem.com","4672"
"kaykatvetemizlikhizmetleri@acibadem.com","8"
"kaykehaday@acibadem.com","63"
"kaykonsinye@acibadem.com","171"
"kayldanadepo@acibadem.com","8320"
"kaymuhasebe@acibadem.com","543"
"kaynobetciisletme@acibadem.com","213"
"kayolaybildirim@acibadem.com","245"
"kayops@acibadem.com","332"
"kayozelsagliksigorta@acibadem.com","42"
"Kayperlist@acibadem.com","13"
"Kayperlist@acibadem.com.tr","11"
"kaypolhem@acibadem.com","7"
"kaysantral@acibadem.com","2246"
"kayseridestekhizmetleri@acibadem.com","9"
"kayseriinfo@acibadem.com","290"
"KayseriTinax@acibadem.com","15"
"kaysgk@acibadem.com","498"
"kaysupervizor@acibadem.com","375"
"kayteknikservis@acibadem.com","7"
"kaytumorkonseyi@acibadem.com","58"
"kayubs@acibadem.com","164"
"kayulasim@acibadem.com","1016"
"kayyabancihasta@acibadem.com","9"
"kayyatanfiyatverme@acibadem.com","613"
"kayyatanhastaborc@acibadem.com","81"
"kazakihstan@acibadem.com","1164"
"kcldoklist@acibadem.com","19"
"kcldoklist@acibadem.com.tr","22"
"kclHemlist@acibadem.com","1"
"kclHemlist@acibadem.com.tr","3"
"kclhhmlist@acibadem.com","27"
"kclhhmlist@acibadem.com.tr","30"
"kclldanadepo@acibadem.com","2000"
"kclperlist@acibadem.com","13"
"kclperlist@acibadem.com.tr","11"
"KDAF@acibadem.com","3944"
"kdkastorearizabildirim@acibadem.com","1"
"kdkdestekhizmetleri@acibadem.com","54"
"kdkdogumhane@acibadem.com","7"
"Kdkdoklist@acibadem.com","83"
"KdkHemlist@acibadem.com","1"
"Kdkhhmlist@acibadem.com","27"
"Kdkperlist@acibadem.com","25"
"kemoterapibanko@acibadem.com","658"
"keremaydinlarvakfi@acibadem.com","3"
"ketoplanlayicim@acibademmobil.com.tr","5"
"kirghizstan@acibadem.com","1463"
"kkb@acibadem.com","368"
"klinikkalite@acibadem.com","235"
"kocaelidestekhizmetleri@acibadem.com","10"
"kocaeliinfo@acibadem.com","244"
"KocaeliTinax@acibadem.com","14"
"kocaeliyonetim@acibadem.com","220"
"kocameliyathems@acibadem.com","12"
"kocameliyatlistesi@acibadem.com","83"
"kocanesteziteknikerleri@acibadem.com","8"
"kocanjio@acibadem.com","20"
"kocayaktanfiyatverme@acibadem.com","135"
"kocbashekimlik@acibadem.com","18"
"kocbiyomedikal@acibadem.com","284"
"kocbt@acibadem.com","1523"
"koceczane@acibadem.com","11184"
"kocfaturakontrol@acibadem.com","359"
"kocgyp@acibadem.com","3"
"kochastakabulyetk@acibadem.com","162"
"kochd2kat@acibadem.com","15"
"kochd3kat@acibadem.com","17"
"kochdacilserv@acibadem.com","5"
"kochdklinikegitim@acibadem.com","14"
"kochdsorhems@acibadem.com","124"
"kochdyenidoganhems@acibadem.com","10"
"kochhm@acibadem.com","46"
"kochhmekipliderleri@acibadem.com","3048"
"kochhmsorumlular@acibadem.com","3"
"kochhmyonetim@acibadem.com","3413"
"kociskur@acibadem.com","5"
"kockompetanlar@acibadem.com","1"
"kockvcybu@acibadem.com","13"
"kockybu2@acibadem.com","1"
"kocmsu@acibadem.com","3"
"kocnobisletmemud@acibadem.com","910"
"kocolaybildirim@acibadem.com","103"
"kocops@acibadem.com","79"
"kocpolhems@acibadem.com","15"
"kocpolkhizmetleri@acibadem.com","84"
"kocprovizyon@acibadem.com","1444"
"kocradyasyonguvenligi@acibadem.com","5"
"kocradyoloji@acibadem.com","5"
"kocsantral@acibadem.com","2711"
"kocsantral2@acibadem.com","150"
"kocsorumlular@acibadem.com","54"
"koctabhastgrub@acibadem.com","2157"
"koctdacil@acibadem.com","2"
"koctemizlik@acibadem.com","27"
"kocubs@acibadem.com","174"
"koculasilamayanhasta@acibadem.com","61"
"koculasim@acibadem.com","1034"
"kocyatanfiyatverme@acibadem.com","88"
"kocyatanhastaborc@acibadem.com","84"
"kocyatanhastahizmetleri@acibadem.com","894"
"koklearimplantekibi@acibadem.com","8"
"Konsinye_Malzeme@acibadem.com","28597"
"konsotlistesi@acibadem.com","86"
"koz6kat@acibadem.com","19"
"kozacilservis@acibadem.com","11"
"kozameliyatlistesi@acibadem.com","80"
"kozarsiv@acibadem.com","30"
"kozastorearizabildirim@acibadem.com","1"
"kozayaktanfiyatverme@acibadem.com","171"
"kozbiyomedikal@acibadem.com","632"
"kozbt@acibadem.com","1487"
"kozcheckup2@acibadem.com","75"
"kozdhameliyathane@acibadem.com","6"
"kozdis@acibadem.com","2"
"Kozdoklist@acibadem.com","44"
"Kozdoklist@acibadem.com.tr","50"
"kozeczane@acibadem.com","20742"
"kozendoskopi2@acibadem.com","3"
"kozfaturakontrol@acibadem.com","1960"
"kozfiyatverme@acibadem.com","2"
"kozftrradyoloji@acibadem.com","16"
"kozguvenlik@acibadem.com","30"
"kozhd4.kat@acibadem.com","9"
"kozhd5kat@acibadem.com","11"
"kozhd7.kat@acibadem.com","11"
"kozhddogumhane@acibadem.com","10"
"kozhdekiplideri@acibadem.com","177"
"kozhdmsu@acibadem.com","2"
"kozhdozelbakimservisi@acibadem.com","1"
"kozhdyenidogan@acibadem.com","2"
"kozhdyogunbakim@acibadem.com","21"
"KozHemlist@acibadem.com","1"
"KozHemlist@acibadem.com.tr","2"
"kozhhmekipliderleri@acibadem.com","1507"
"kozhhmhastadanisman@acibadem.com","4713"
"Kozhhmlist@acibadem.com","27"
"KozhhmlisT@acibadem.com.tr","29"
"kozhhmsorumlu@acibadem.com","195"
"kozhhmyonetim@acibadem.com","4519"
"koziskazasi@acibadem.com","26"
"kozizinbilgilendirme@acibadem.com","1156"
"kozldanadepo@acibadem.com","4089"
"koznobetciisletme@acibadem.com","926"
"kozolaybildirim@acibadem.com","122"
"kozops@acibadem.com","138"
"Kozperlist@acibadem.com","19"
"Kozperlist@acibadem.com.tr","14"
"kozpolhem@acibadem.com","9"
"kozsaha@acibadem.com","4"
"kozsantral@acibadem.com","34"
"koztemizlik@acibadem.com","133"
"kozubs@acibadem.com","87"
"kozuhm@acibadem.com","25"
"kozyabancihasta@acibadem.com","3"
"kozyatagidestekhizmetleri@acibadem.com","75"
"kozyatagiinfo@acibadem.com","314"
"kozyatagimisafirhekim@acibadem.com","43"
"kozyatagiprovizyon@acibadem.com","1"
"kozyatagiradyolojiteknikerleri@acibadem.com","12"
"KozyatagiTinax@acibadem.com","18"
"kozyatanfiyatverme@acibadem.com","82"
"kozyatanhastaborc@acibadem.com","79"
"krmtahsilat@acibademmobil.com.tr","1477"
"KSAITProject@acibadem.com","137"
"ksamchsupport@acibadem.com","137"
"kucukyalibilgiteknolojileri@acibadem.com","603"
"kucukyaliguvenlik@acibadem.com","19"
"kucukyalihaberlesme@acibadem.com","1"
"kucukyaliidariisler@acibadem.com","7"
"kucukyalilojistik@acibademlabmed.com.tr","1808"
"kucukyalisatinalma@acibadem.com","3236"
"kucukyaliteknikhizmetleri@acibadem.com","1"
"kuracbacildurumlar@acibadem.com","5"
"kuracbenfeksiyon@acibadem.com","51"
"kuracbhastaneyurutme@acibadem.com","461"
"kuracbilac@acibadem.com","4"
"kuracbisvecalisansagligi@acibadem.com","6"
"kuracbradyasyonguvenligi@acibadem.com","1"
"kuracbtibbikayit@acibadem.com","3"
"kuracibademsportsyurutme@acibadem.com","19"
"kuradaacildurumlar@acibadem.com","3"
"kuradaakreditasyonyurutme@acibadem.com","22"
"kuradaegitimkurulu@acibadem.com","1"
"kuradaenfeksiyon@acibadem.com","4"
"kuradahastaneyurutme@acibadem.com","271"
"kuradailac@acibadem.com","3"
"kuradaisvecalisansagligi@acibadem.com","14"
"kuradaradyasyonguvenligi@acibadem.com","1"
"kuradatibbikayit@acibadem.com","2"
"kuradatransfuzyon@acibadem.com","2"
"kurankegitimkurulu@acibadem.com","1"
"kurankenfeksiyonkurulu@acibadem.com","4"
"kurankhastaneyurutme@acibadem.com","352"
"kurankilac@acibadem.com","3"
"kurankisvecalisansagligi@acibadem.com","1"
"kurankradyasyonguvenliktakimi@acibadem.com","2"
"kuranktbbikayit@acibadem.com","3"
"kuranktesisguvenligi@acibadem.com","3"
"kuranktranfuzyon@acibadem.com","2"
"kurasgacildurumlar@acibadem.com","1"
"kurasghastaguvenligi@acibadem.com","2"
"kuratahastaneyurutme@acibadem.com","125"
"kurataisvecalisansagligi@acibadem.com","1"
"kuratakegitim@acibadem.com","3"
"kuratakenfeksiyonkontrolkurulu@acibadem.com","9"
"kuratakhastaneyurutme@acibadem.com","230"
"kurataktesisguvenligi@acibadem.com","5"
"kurataktibbikayit@acibadem.com","2"
"kuratatibbikayit@acibadem.com","2"
"kuratmyurutme@acibadem.com","119"
"kuratzacildurumlar@acibadem.com","13"
"kuratzegitimkurulu@acibadem.com","1"
"kuratzenfeksiyon@acibadem.com","5"
"kuratzhastaneyurutme@acibadem.com","542"
"kuratzilac@acibadem.com","1"
"kuratzisvecalisansagligi@acibadem.com","10"
"kuratztibbikayit@acibadem.com","4"
"kuratztransfuzyon@acibadem.com","2"
"kurbagisvecalisansagligi@acibadem.com","1"
"kurbakacildurumlar@acibadem.com","4"
"kurbakegitimkurulu@acibadem.com","2"
"kurbakenfeksiyon@acibadem.com","6"
"kurbakhastaneyurutme@acibadem.com","210"
"kurbakilac@acibadem.com","1"
"kurbakisvecalisansagligi@acibadem.com","5"
"kurbakradyasyonguvenligi@acibadem.com","3"
"kurbaktibbikayit@acibadem.com","2"
"kurbaktransfuzyon@acibadem.com","2"
"kurbeyhastaneyurutme@acibadem.com","119"
"kurbeyisvecalisansagligi@acibadem.com","1"
"kurbodenfeksiyon@acibadem.com","1"
"kurbodhastaneyurutme@acibadem.com","218"
"kurbodilac@acibadem.com","1"
"kurbodisgkaza@acibadem.com","10"
"kurbodtibbikayit@acibadem.com","1"
"kurburacildurumlar@acibadem.com","3"
"kurburenfeksiyon@acibadem.com","2"
"kurburhastaneyurutme@acibadem.com","216"
"kurburtibbikayit@acibadem.com","3"
"kurenfeksiyonasg@acibadem.com","7"
"kureskacildurumlar@acibadem.com","6"
"kureskegitimkurulu@acibadem.com","1"
"kureskenfeksiyon@acibadem.com","5"
"kureskhastaneyurutme@acibadem.com","617"
"kureskilac@acibadem.com","1"
"kureskisvecalisansagligi@acibadem.com","15"
"kureskradyasyonguvenligi@acibadem.com","2"
"kuresktibbikayit@acibadem.com","3"
"kurfulacildurumlar@acibadem.com","6"
"kurfulcalisanhaklariveguvenligi@acibadem.com","5"
"kurfulegitimkurulu@acibadem.com","2"
"kurfulenfeksiyon@acibadem.com","2"
"kurfulhastaneyurutme@acibadem.com","280"
"kurfulilac@acibadem.com","4"
"kurfulisvecalisansagligi@acibadem.com","5"
"kurfultibbikayit@acibadem.com","2"
"kurfultransfuzyon@acibadem.com","1"
"kurgmisvecalisansagligi@acibadem.com","1"
"kurgmyurutme@acibadem.com","119"
"kurhastaneyurutme@acibadem.com","119"
"kurintacildurumlar@internationalhospital.com.tr","3"
"kurintegitimkurulu@acibadem.com","2"
"kurintenfeksiyon@internationalhospital.com.tr","4"
"kurinthastaneyurutme@internationalhospital.com.tr","224"
"kurintilac@internationalhospital.com.tr","2"
"kurintisvecalisansagligi@internationalhospital.com.tr","11"
"kurinttibbikayit@internationalhospital.com.tr","5"
"kurinttransfuzyon@internationalhospital.com.tr","1"
"kurkayacildurumlar@acibadem.com","6"
"kurkayegitimkurulu@acibadem.com","2"
"kurkayenfeksiyon@acibadem.com","3"
"kurkayhastaneyurutme@acibadem.com","323"
"kurkayilac@acibadem.com","1"
"kurkayradyasyonguvenligi@acibadem.com","1"
"kurkaytibbikayit@acibadem.com","3"
"kurkocacildurumlar@acibadem.com","5"
"kurkocegitimkurulu@acibadem.com","2"
"kurkocenfeksiyon@acibadem.com","11"
"kurkochastaneyurutme@acibadem.com","205"
"kurkocilac@acibadem.com","2"
"kurkocisvecalisansagligi@acibadem.com","4"
"kurkoctibbikayit@acibadem.com","3"
"kurkozacildurumlar@acibadem.com","9"
"kurkozegitimkurulu@acibadem.com","1"
"kurkozenfeksiyon@acibadem.com","6"
"kurkozhastaneyurutme@acibadem.com","377"
"kurkozilac@acibadem.com","4"
"kurkozisvecalisansagligi@acibadem.com","3"
"kurkozradyasyonguvenligi@acibadem.com","1"
"kurkoztibbikayit@acibadem.com","2"
"kurkoztransfuzyon@acibadem.com","1"
"kurmasacildurumlar@acibadem.com","4"
"kurmasenfeksiyon@acibadem.com","7"
"kurmashastaneyurutme@acibadem.com","391"
"kurmasilac@acibadem.com","1"
"kurmasisvecalisansagligi@acibadem.com","17"
"kurmasradyasyonguvenligi@acibadem.com","1"
"kurmastibbikayit@acibadem.com","2"
"kurmastransfuzyon@acibadem.com","1"
"kurtksenfeksiyonkurulu@acibadem.com","8"
"kurtkshastaneyurutme@acibadem.com","333"
"kurtksilac@acibadem.com","2"
"kurtksisvecalisansagligi@acibadem.com","29"
"kurtkstesisguvenligi@acibadem.com","10"
"kurtkstibbikayit@acibadem.com","2"
"kurtkstransfuzyon@acibadem.com","4"
"kurzkoyhastaneyurutme@acibadem.com","170"
"kvkk@acibadem.com","5"
"kyperlist@acibadem.com","29"
"laball@acibadem.com","21"
"labaltunizadeteknisyenler@acibadem.com","72"
"labbilgi@acibademlabmed.com.tr","1"
"labbodteknisyenler@acibadem.com","72"
"labcellekip@acibadem.com","263"
"labcellkaliteguvence@acibadem.com","31"
"labfiyatverme@acibadem.com","57"
"labfulyateknisyen@acibadem.com","176"
"labgenmolekulergenetikgrup@acibadem.com","156"
"labgenmolekulersitogenetikgrup@acibadem.com","84"
"labgenpgtgrup@acibadem.com","6"
"labgensitogenetikgrup@acibadem.com","175"
"labhizmetlerifiyatlandirma@acibademlabmed.com.tr","2157"
"labhizmetzkrkoyteknisyenler@acibadem.com","63"
"labhizsozlesmetakipbirimi@acibadem.com","29"
"labmed@acibademlabmed.com.tr","39"
"labmedadateknisyen@acibadem.com","106"
"labmedahbeteknisyengrup@acibadem.com","90"
"labmedahbteknisyen@acibadem.com","79"
"labmedahburteknisyen@acibadem.com","123"
"labmedahkteknisyen@acibadem.com","69"
"labmedahteknisyen@acibadem.com","62"
"labmedankteknisyen@acibadem.com","135"
"labmedapbcteknisyen@acibadem.com","62"
"labmedapeteknisyen@acibadem.com","63"
"labmedapgteknisyen@acibadem.com","63"
"labmedarge@acibademlabmed.com.tr","29"
"labmedatateknisyen@acibadem.com","62"
"labmedatkteknisyen@acibadem.com","918"
"labmedbezmialemteknisyen@acibadem.com","62"
"labmedbhcteknisyen@acibadem.com","238"
"labmedbiyomedikal@acibademlabmed.com.tr","1131"
"labmedbs@acibademlabmed.com.tr","3323"
"LABMEDDosyaPaylasimGrubu@acibadem.com","10"
"labmedeskteknisyen@acibadem.com","204"
"labmedgm@acibadem.com","7"
"labmedisletme@acibademlabmed.com.tr","416"
"labmedkalite@acibademlabmed.com.tr","1924"
"labmedkansorumluteknisyenleri@acibadem.com","388"
"labmedkayteknisyen@acibadem.com","112"
"labmedkocteknisyen@acibadem.com","101"
"labmedmasteknisyen@acibadem.com","114"
"labmedmeranagrup@acibadem.com","19"
"labmedmerekipliderleri@acibadem.com","251"
"labmedmerkezteknisyen@acibadem.com","70"
"labmedmermikrogrup@acibadem.com","89"
"labmedmeruzmangrup@acibadem.com","20"
"labmedperlist@acibadem.com","29"
"labmedpricing@acibademlabmed.com.tr","29"
"labmedsatis@acibademlabmed.com.tr","2283"
"labmedsistemdestek@acibademlabmed.com.tr","50"
"labmedsorumlutek@acibademlabmed.com.tr","224"
"labmedteknik@acibademlabmed.com.tr","41"
"labmedteknisyen@acibadem.com","62"
"labmedtibbikoordinatorler@acibadem.com","10"
"labmedtipservis@acibademlabmed.com.tr","4858"
"labmedulasim@acibademlabmed.com.tr","831"
"labmeduzmangrup@acibadem.com","205"
"labmedyatanhastasonuc@acibademlabmed.com.tr","576"
"labodemetakip@acibadem.com","4309"
"laboratuvarhizmetleriegitim@acibadem.com","878"
"laboratuvarhizmetlerimerkezimmunoloji@acibademlabmed.com.tr","35"
"laboratuvarhizmetlerimerkezlojistikyetkilileri@acibadem.com","3"
"laboratuvarhizmetleritibbiyoneticiler@acibadem.com","41"
"laboratuvarmaliisler@acibadem.com","876"
"labperlist@acibadem.com","20"
"labratuvarhizmetlerimerkezibiyokimyauzman@acibadem.com","2"
"labsikayetdegerlendirmeekibi@acibadem.com","26"
"labsterilizasyon@acibademlabmed.com.tr","11"
"labvital@acibademlabvital.com.tr","154"
"labvitalisletme@acibademlabvital.com.tr","699"
"labvitalnumunekabul@acibademlabvital.com.tr","253"
"labvitalpersonellistesi@acibadem.com","73"
"levant@acibadem.com","7"
"levdoklist@acibadem.com","9"
"levhhmlist@acibadem.com.tr","47"
"levperlist@acibadem.com","10"
"lojbt@acibadem.com","97"
"lotverifikasyon@acibadem.com","66"
"MAGREB@acibadem.com","3991"
"maliisler@acibadem.com","71"
"maliislerkucukyali@acibadem.com","2"
"mas1temizlikgrubu@acibadem.com","107"
"mas2.2kateblok@acibadem.com","2"
"mas2.3.katdblok@acibadem.com","4"
"mas2.4.kateblok@acibadem.com","5"
"mas2hd4katdblok@acibadem.com","3"
"mas2multidisiplinerbakim@acibadem.com","2"
"mas2temizlikgrubu@acibadem.com","69"
"masacilservisyonetim@acibadem.com","1"
"masagent@acibadem.com","84"
"masameliyatlistesi@acibadem.com","83"
"masastorearizabildrim@acibadem.com","11"
"masayaktanekipliderleri@acibadem.com","1161"
"masayaktanfiyatverme@acibadem.com","456"
"masayaktansorumlular@acibadem.com","1912"
"masbashekimlik@acibadem.com","326"
"masbiyomedikal@acibadem.com","1130"
"masbt@acibadem.com","2417"
"mascheckupbildirim@acibadem.com","36"
"masdanisma@acibadem.com","143"
"masdestek@acibadem.com","1121"
"masdigerbashekimliksorumlular@acibadem.com","24"
"masdisfiyatverme@acibadem.com","67"
"masdishekimbildirim@acibadem.com","35"
"Masdoklist@acibadem.com","40"
"Masdoklist@acibadem.com.tr","46"
"masdyt@acibadem.com","65"
"maseczane@acibadem.com","25551"
"masendoskopifiyatverme@acibadem.com","39"
"masfaturakontrol@acibadem.com","828"
"masfaturasiz@acibadem.com","584"
"masgozfiyatverme@acibadem.com","59"
"masguvenlik@acibadem.com","9"
"mashasacil@acibadem.com","188"
"mashasekipliderleri@acibadem.com","1963"
"mashassorumlular@acibadem.com","1732"
"mashastadanismanlari@acibadem.com","260"
"mashastahizmetleri@acibadem.com","127"
"mashastailiskileri1@acibadem.com","1636"
"mashastakabul@acibadem.com","340"
"mashastalep@acibadem.com","25050"
"mashem2kata@acibadem.com","27"
"mashem2katb@acibadem.com","1"
"mashem3kata@acibadem.com","27"
"mashemameliyathemsire@acibadem.com","4"
"mashembebekodasi@acibadem.com","64"
"mashemekipliderleri@acibadem.com","49"
"mashemgyb@acibadem.com","5"
"mashemkemoterapi@acibadem.com","16"
"mashemklinikegitim@acibadem.com","201"
"mashemklinikenfeksiyon@acibadem.com","15"
"mashemkoroner@acibadem.com","35"
"mashemkvcservis@acibadem.com","30"
"MasHemlist@acibadem.com","1"
"MasHemlist@acibadem.com.tr","3"
"mashemmsu@acibadem.com","2"
"mashemnicu@acibadem.com","16"
"mashemozeldal@acibadem.com","2571"
"mashemzemina@acibadem.com","27"
"mashhmcheckup@acibadem.com","17"
"Mashhmlist@acibadem.com","27"
"Mashhmlist@acibadem.com.tr","30"
"mashhmyatiscikis@acibadem.com","1822"
"masiskazasi@acibadem.com","63"
"masivffiyatverme@acibadem.com","301"
"maslak2.2katdblok@acibadem.com","6"
"maslakinfo@acibadem.com","606"
"maslaklabmedyatanhasta@acibadem.com","66"
"maslakmisafirhekim@acibadem.com","40"
"masldanadepo@acibadem.com","11782"
"masnobetciisletme@acibadem.com","3136"
"masnutrisyondestekekibi@acibadem.com","1"
"masolaybildirim@acibadem.com","530"
"masonkolojikonseyi@acibadem.com","6"
"masops@acibadem.com","1152"
"maspediatri@acibadem.com","21"
"Masperlist@acibadem.com","48"
"maspolkhemsireleri@acibadem.com","70"
"massantral@acibadem.com","11284"
"massorumluhemsireler@acibadem.com","3318"
"massupervizor@acibadem.com","536"
"mastabhastgrub@acibadem.com","10690"
"masteknikhizmetler@acibadem.com","28"
"masthy@acibadem.com","1992"
"mastibbionam@acibadem.com","98"
"mastumorkonseyi@acibadem.com","151"
"masubs@acibadem.com","104"
"masuhm@acibadem.com","2353"
"masulasim@acibadem.com","4195"
"masyabancihastagrubu@acibadem.com","145"
"masyatanfiyatverme@acibadem.com","555"
"masyatanhasta2@acibadem.com","2182"
"masyatanhastaborc@acibadem.com","84"
"masyatanhastadanismanlari@acibadem.com","75"
"masyatanhastasorekiplideri@acibadem.com","4968"
"mavikod@acibadem.com","2"
"MC_bur.tan.yonlendirme@acibadem.com","14078"
"MC_eng.cak.yoenlendirme@acibadem.com","3"
"MC_reh.bar.yonlendirme@acibadem.com","12271"
"mcmnobet@acibadem.com","7"
"med@acibadem.com","339"
"medikalkomite@acibademmobil.com.tr","55"
"medikaloperasyon@acibadem.com","2574"
"medit@acibadem.com","63773"
"medlifemuhasebe@acibadem.com","4"
"MEDMOT@ACIBADEM.COM","13426"
"medmuhasebe@acibadem.com","430"
"medops@acibadem.com","7"
"medula.proje.grubu@acibadem.com","3"
"memnuniyetyonetimi@acibadem.com","14001"
"merck.spv@acibadem.com","4"
"merck@acibadem.com","75"
"merckmarmaradoguanadolu@acibadem.com","5"
"merckmarmaraortaanadolukaradeniz@acibadem.com","4"
"merkezdestekhizmetleri@acibadem.com","397"
"merornekkabul@acibadem.com","1943"
"MG_ADA_Dok@acibadem.com","20"
"MG_ADA_HD@acibadem.com","17"
"MG_ADA_PER@acibadem.com","17"
"MG_ANK_Dok@acibadem.com","3"
"MG_ANK_PER@acibadem.com","3"
"MG_aplus_pers@acibadem.com","72"
"MG_ATA_Dok@acibadem.com","48"
"MG_ATA_HD@acibadem.com","22"
"MG_ATZ_Dok@acibadem.com","14"
"MG_ATZ_Hd@acibadem.com","5"
"MG_ATZ_Per@acibadem.com","5"
"MG_BAG_Dok@acibadem.com","51"
"MG_BAK_Dok@acibadem.com","15"
"MG_BAK_HD@acibadem.com","3"
"MG_BAK_PER@acibadem.com","3"
"MG_BEY_Dok@acibadem.com","34"
"MG_BEY_Hhm@acibadem.com","59"
"MG_BKR_PER@acibadem.com","3"
"MG_BOD_Dok@acibadem.com","20"
"MG_BOD_PER@acibadem.com","5"
"MG_BUR_Dok@acibadem.com","14"
"MG_BUR_PER@acibadem.com","5"
"MG_ESK_Dok@acibadem.com","13"
"MG_ESK_HD@acibadem.com","5"
"MG_ESK_Hhm@acibadem.com","15"
"MG_ESK_PER@acibadem.com","5"
"MG_ETI_Dok@acibadem.com","35"
"MG_ETI_Hhm@acibadem.com","47"
"MG_FUL_Dok@acibadem.com","10"
"MG_FUL_HD@acibadem.com","2"
"MG_FUL_Hhm@acibadem.com","12"
"MG_FUL_PER@acibadem.com","2"
"MG_GOK_Dok@acibadem.com","29"
"MG_HLK_Dok@acibadem.com","29"
"MG_HLK_Hd@acibadem.com","11"
"MG_HLK_Hhm@acibadem.com","20"
"MG_HLK_PER@acibadem.com","39"
"MG_KAY_Dok@acibadem.com","14"
"MG_KAY_Hhm@acibadem.com","13"
"MG_KAY_PER@acibadem.com","3"
"MG_KDK_Dok@acibadem.com","20"
"MG_KDK_PER@acibadem.com","10"
"MG_KOC_Dok@acibadem.com","9"
"MG_KOC_PER@acibadem.com","3"
"MG_KOZ_Dok@acibadem.com","15"
"MG_KOZ_HD@acibadem.com","3"
"MG_KOZ_PER@acibadem.com","3"
"MG_MAS_Dok@acibadem.com","16"
"MG_MAS_Hhm@acibadem.com","17"
"MG_MAS_PER@acibadem.com","7"
"MG_MOB_PER@acibadem.com","54"
"MG_TKS_Dok@acibadem.com","8"
"MG_TKS_PER@acibadem.com","2"
"MicrosoftExchange329e71ec88ae4615bbc36ab6ce41109e@acibadem.com","2985"
"migrentedavimerkezi@acibadem.com","5"
"mirth@acibadem.com","22"
"mkebiyomedikal@acibadem.com","120"
"mobannebebek@acibadem.com","285"
"mobarvento2@acibadem.com","54"
"mobdirvediryrd@acibadem.com","54"
"mobhavaambulans@acibademmobil.com.tr","54"
"mobigneucu@acibadem.com","54"
"mobik@acibadem.com","16"
"mobikisistem@acibademmobil.com.tr","63"
"mobilassist@acibadem.com","117"
"mobilbakimhizmetleriperlist@acibadem.com","54"
"mobilbakimkanalma@acibadem.com","54"
"mobilbt@acibademmobil.com.tr","2684"
"mobilcheckpoint@acibademmobil.com.tr","54"
"mobildigital@acibademmobil.com.tr","54"
"MobilDisariMailBlock@acibadem.com","54"
"mobildoktor@acibademmobil.com.tr","54"
"MOBILDosyaPaylasimGrubu@acibadem.com","13"
"mobilekg@acibademmobil.com.tr","54"
"mobiletikkurulu@acibadem.com","54"
"mobilfinans.rapor@acibademmobil.com.tr","671"
"mobilfinans@acibademmobil.com.tr","54"
"mobilhemsire@acibademmobil.com.tr","54"
"mobilidari@acibademmobil.com.tr","54"
"mobilidariisler@acibademmobil.com.tr","55"
"mobilik@acibademmobil.com.tr","610"
"mobilikegitim@acibademmobil.com.tr","55"
"mobilkalite@acibademmobil.com.tr","54"
"mobilkisiselveri@acibademmobil.com.tr","54"
"mobilkurumsaliletisim@acibadem.com","60"
"mobillabsonuc@acibadem.com","675"
"mobilmerkez@acibademmobil.com.tr","63"
"mobilmiy@acibademmobil.com.tr","1780"
"mobilopacil@acibademmobil.com.tr","54"
"mobilopacilsaha@acibademmobil.com.tr","54"
"mobilopdedike@acibademmobil.com.tr","54"
"mobilopevde@acibademmobil.com.tr","54"
"mobilopevdesaha@acibademmobil.com.tr","54"
"mobilopiste@acibademmobil.com.tr","54"
"mobiloplojistik@acibademmobil.com.tr","131"
"mobiloptumu@acibademmobil.com.tr","54"
"mobilopyonetim@acibademmobil.com.tr","54"
"mobilperlist@acibadem.com","54"
"mobilsaglik@acibadem.com","533"
"mobilsaglikkaliteyonetimi@acibademmobil.com.tr","10"
"mobilsaglikkurumsalpharma@acibadem.com","54"
"mobilsaglikorganizasyonyonetimi@acibadem.com","54"
"mobilsaglikosgb@acibadem.com","54"
"mobilsaglikrevir@acibademmobil.com.tr","61"
"mobilsatisbireysel@acibademmobil.com.tr","54"
"mobilsatiskurumsal@acibademmobil.com.tr","54"
"mobilsatispazarlama@acibademmobil.com.tr","58"
"mobilsatistumu@acibademmobil.com.tr","54"
"mobilsatisyonetim@acibademmobil.com.tr","54"
"mobilsozlesmebitis@acibademmobil.com.tr","60"
"mobilsurucu@acibademmobil.com.tr","54"
"mobilteam1@acibadem.com","54"
"mobilteam2@acibadem.com","54"
"mobiltelesatis@acibadem.com","55"
"mobiltelesatis2@acibadem.com","1567"
"mobiltelesatisbilgi@acibadem.com","54"
"mobiltelesatisyonetim@acibadem.com","54"
"mobiltesvik@acibademmobil.com.tr","43"
"mobilurunyonetimi@acibadem.com","56"
"mobilustyonetim@acibademmobil.com.tr","54"
"mobilyonetim@acibademmobil.com.tr","54"
"mobilyonetim1@acibadem.com","54"
"mobilyonetim2@acibadem.com","54"
"mobilyonetimtumu@acibademmobil.com.tr","54"
"mobiscskurulu@acibadem.com","54"
"mobkurumsaliletisim@acibadem.com","54"
"mobkvcdagitim@acibadem.com","54"
"mobmaliisler@acibademmobil.com.tr","1758"
"mobolaybildirim@acibadem.com","55"
"moburunbilgi@acibademmobil.com.tr","97"
"mobuyegonderi@acibademmobil.com.tr","102"
"Mobyenihizmet@acibademmobil.com.tr","54"
"mobyenisozlesme@acibademmobil.com.tr","151"
"mobzetproje@acibadem.com","54"
"moebiyomedikal@acibadem.com","194"
"mri@acibadem.com","1094"
"mrlinac@acibadem.com","4"
"msisoyurutmekurulu@acibadem.com","54"
"musterihizmetleri@acibademlabmed.com.tr","16170"
"musterihizmetleri@clinlab.com.tr","1815"
"Mutabakat2@acibadem.com","1"
"ncrhata@acibadem.com","40"
"netsec@acibadem.com","22208"
"nevbolgesorumlulari@acibadem.com","54"
"nicu_ah@acibadem.com","18"
"nobetciisletmeyonetimi@acibadem.com","22"
"norolojianabilimdali@acibadem.com","55"
"nutrisyonegitimtak@acibadem.com","73"
"nutrisyonevde@acibadem.com","1"
"octopushata@acibadem.com","17510"
"Oezbekistan@acibadem.com","95"
"operasyonelverimlilikmudurlugu@acibadem.com","59"
"operasyontakip@acibadem.com","2935"
"operasyonteklif@acibadem.com","1"
"operasyonverimlilikdirektorlugu@acibadem.com","24"
"operations@acibadem.com","63"
"ops@acibadem.com","8258"
"organizasyon@acibademmobil.com.tr","54"
"organnakli@acibadem.com","1"
"organnaklihastatalepform@acibadem.com","83"
"organtransplantation@acibadem.com","2"
"ozkan@acibadem.com","2"
"ozkanndenemee@acibadem.com","1"
"ozlukisleri@acibadem.com","1141"
"patoloji@acibadem.com","74"
"patperlist@acibadem.com","20"
"patsisbil@acibadem.com","13"
"pazarlamadirektorlugu@acibadem.com","72"
"pediatri@acibadem.com","1"
"pediatrinet@acibademmobil.com.tr","34"
"pemberota@acibadem.com","11"
"pmy@aplus.web.tr","4219"
"polbt@acibadem.com","693"
"poliklinikfinans1@acibadem.com","10"
"pr@acibadem.com","5"
"prjcerebralpluscore2_0@acibadem.com","3"
"PRJsmartport@acibadem.com","167"
"prmcalismagrubu@acibadem.com","13"
"procurement@acibadem.com","256"
"project.remix@acibadem.com","19"
"qdmsdestek@acibadem.com","58"
"quality@acibadem.com","259"
"renovasyon@acibadem.com","71"
"rusbolgesi@acibadem.com","10005"
"sabim@acibadem.com","1077"
"samandirauretim@acibadem.com","2"
"samguvenlik@acibadem.com","2"
"Samperlist@acibadem.com","27"
"satinalma@acibadem.com","82"
"satinalmaoneri@acibadem.com","1"
"satisaplus@acibadem.com.tr","13"
"saw@acibademmobil.com.tr","54"
"sensortalep@acibadem.com","63"
"seyahat@acibadem.com","10668"
"sistemdeneme@acibadem.com","9"
"sistemdestek.yonetim@acibadem.com","1230"
"sistina.anket@acibadem.com","1025"
"sistinapricing@acibademlabmed.com.tr","97"
"sizidinliyoruz@acibadem.com","21"
"SMAlerts@acibadem.com","1408"
"smartad.project@acibadem.com","71"
"smsikayetyonetim@acibadem.com","3068"
"solarwinds.notification@acibadem.com","16"
"sosyalkomite@acibadem.com","16"
"sosyalkomitekatilim@acibadem.com","215"
"spkanket@acibadem.com","3"
"sporbilet@acibadem.com","101"
"spororg@acibadem.com","2200"
"supportksa@acibademtechnology.com","7"
"sureccalismasianadolugrubu@acibadem.com","11"
"sureccalismasiprojegrubu@acibadem.com","32"
"tahsilat@acibadem.com","328"
"taksimdestekhizmetleri@acibadem.com","108"
"taksiminfo@acibadem.com","255"
"taksimmisafirhekim@acibadem.com","33"
"taksimperlist@acibadem.com","11"
"taksimulasim@acibadem.com","2161"
"tasarim@acibadem.com","56"
"tasksimhastahizmetleri@acibadem.com","78"
"tedarik@acibademmobil.com.tr","67"
"tekfatura@acibademmobil.com.tr","54"
"teknik@acibadem.com","9"
"teknikdestek.mobil@acibadem.com","54"
"tekserv_car@acibadem.com","7"
"teletip@acibadem.com","68"
"tepemuhasebe@acibadem.com","40"
"tffmalzeme@acibadem.com","2"
"tibbiarsiv@acibadem.com","285"
"tibbicihaztalepiade@acibadem.com","34"
"tibbikadrolarisealim@acibadem.com","229"
"tipmerkezleri.maliisler@acibadem.com","2"
"tkmldanadepo@acibadem.com","4180"
"tksacilservis@acibadem.com","267"
"tksameliyatbildirimlistesi@acibadem.com","85"
"tksameliyathanehemsireleri@acibadem.com","1"
"tksaplus@acibadem.com","90"
"tksastorearizabildirim@acibadem.com","43"
"tksayaktanfiyatverme@acibadem.com","224"
"tksbashekimlik@acibadem.com","134"
"tksbiyomedikal@acibadem.com","592"
"tksbt@acibadem.com","1196"
"tksdiyet@acibadem.com","3797"
"tksdoklist@acibadem.com","37"
"tksdoktorlar@acibadem.com","10"
"tkseczane@acibadem.com","40576"
"tksfaturakontrol@acibadem.com","1788"
"tksgecenobetci@acibadem.com","1377"
"tkshastakabulyetkilileri@acibadem.com","82"
"tkshd6.kat@acibadem.com","1"
"tkshd7kat@acibadem.com","4"
"tkshd8.kat@acibadem.com","4"
"tkshd9kat@acibadem.com","5"
"tkshdekipliderleri@acibadem.com","24"
"tkshdkeh@acibadem.com","37"
"tkshdpol@acibadem.com","21"
"tkshdsorumluhemsireler@acibadem.com","322"
"tkshemlist@acibadem.com","5"
"tkshhmacilservishastakabulyetkilileri@acibadem.com","117"
"tkshhmayaktanhastadanismanlari@acibadem.com","78"
"Tkshhmayaktanhastahizmetleri@acibadem.com","145"
"tkshhmcheckup@acibadem.com","84"
"tkshhmdanisma@acibadem.com","300"
"tkshhmekipliderleri@acibadem.com","1087"
"tkshhmhastayatiscikis@acibadem.com","539"
"tkshhmlist@acibadem.com","56"
"tkshhmsantral@acibadem.com","2205"
"tkshhmsorumlular@acibadem.com","293"
"tkshhmyatanhastadanismanlari@acibadem.com","140"
"tkshhmyatanhastahizmetleri@acibadem.com","485"
"tkshhmyonetim@acibadem.com","551"
"tkskehaday@acibadem.com","23"
"tkslabgrubu@acibadem.com","173"
"tksnobetteslim@acibadem.com","77"
"tksolaybildirim@acibadem.com","150"
"tksops@acibadem.com","590"
"tksperlist@acibadem.com","22"
"tksprovizyon@acibadem.com","12"
"tkstaburcuhastabilgisi@acibadem.com","1784"
"tksteknikhizmetler@acibadem.com","1"
"tksubs@acibadem.com","134"
"tksuhm@acibadem.com","4056"
"tksyabancihasta@acibadem.com","2"
"tksyatanborcdurumu@acibadem.com","84"
"tksyatanfiyatverme@acibadem.com","128"
"tksyatanhastamailgrubu@acibadem.com","60"
"toyotamobil@acibadem.com","54"
"tskhhmhastayatisplanlama@acibadem.com","78"
"ttmobilmiy@acibadem.com","54"
"tumdiyetisyenler@acibadem.com","94"
"tumorkonseyi@acibadem.com","3"
"turktelekom@acibadem.com","744"
"tzhvprovizyon@acibadem.com","2"
"uhmfk@acibadem.com","699"
"uhmhealthpoint@acibadem.com","4378"
"uhmmerkezoperasyon@acibadem.com","11"
"uhmmutercimtercuman@acibadem.com","1"
"uhmpazveiletisim@acibadem.com","535"
"uhmsatis@acibadem.com","214"
"uhmsatisyoneticiler@acibadem.com","108"
"uhmsikayetdegerlendirmeekibi@acibadem.com","30"
"uhmurunveisgelistirme@acibadem.com","825"
"Ukrayna@acibadem.com","2"
"uludaginfo@acibadem.com","49"
"ulusalcuprojeleri@acibadem.com","29"
"uluslararasiprojegelistirmeveoperasyonlar@acibadem.com","184"
"uluslararasisahaoperasyonhavuzkadro@acibadem.com","1"
"uluslararasisahaoperasyonyetkilileri@acibadem.com","62"
"uluslarasisahaoperasyonekipyoneticileri@acibadem.com","129"
"UniversiteTinax@acibadem.com","33"
"urolojiabd@acibadem.com","1"
"uroonkoloji@acibadem.com","18"
"uzundonembakmdestekper@acibadem.com","54"
"uzundonemhemsirelik@acibadem.com","54"
"vardiya@acibadem.com","2285"
"verimlilik@acibademlabmed.com.tr","24"
"web@acibadem.com","172"
"webmobillab@acibadem.com","54"
"weboperasyon@acibadem.com","61"
"webtalep@acibademmobil.com.tr","74"
"wellnessrapor@acibadem.com","7"
"yatirimci@acibadem.com","60"
"yatisodaplanlama@acibadem.com","14"
"yazilimgelistirme@acibademlabmed.com.tr","109"
"yemek.servis@acibadem.com","75"
"yoneticiozetlerimailbildirimgrubu@acibadem.com","39"
"yurtdisiodemetakip@acibadem.com","544"
"zehramine.erguven@internationalhospital.com.tr","45"
"zekdoklist@acibadem.com","20"
"zekeriyakoybashekimlik@acibadem.com","16"
"zekeriyakoydoktorlar@acibadem.com","34"
"zekeriyakoypersonellistesi@acibadem.com","37"
"zekhashiz@acibadem.com","46"
"zekhemhizlist@acibadem.com","1"
"zekhhmekipliderleri@acibadem.com","106"
"zekhhmyonetim@acibadem.com","112"
"zekperlist@acibadem.com","16"
"zkoy@acibadem.com","48"
"zkoyhastahizmetlerilistesi@acibadem.com","36"
"zkoyubs@acibadem.com","9"
